index_name,index_uri,index_id,index_language,category,candidates_str,num_candidates
Gare_de_Nittedal,http://fr.dbpedia.org/resource/Gare_de_Nittedal,71,French,buildings/places,"[['Nittedal_Station', 'http://dbpedia.org/resource/Nittedal_Station', 10571, 'English'], ['Hauketo_Station', 'http://dbpedia.org/resource/Hauketo_Station', 12829, 'English'], ['Vegårshei_Station', 'http://dbpedia.org/resource/Vegårshei_Station', 30173, 'English'], ['Grefsen_Station', 'http://dbpedia.org/resource/Grefsen_Station', 20032, 'English'], ['Stabekk_Station', 'http://dbpedia.org/resource/Stabekk_Station', 36505, 'English'], ['Sørumsand_Station', 'http://dbpedia.org/resource/Sørumsand_Station', 34033, 'English'], ['Gausel_Station', 'http://dbpedia.org/resource/Gausel_Station', 31983, 'English'], ['Vakås_Station', 'http://dbpedia.org/resource/Vakås_Station', 14316, 'English'], ['Jørstad_Station', 'http://dbpedia.org/resource/Jørstad_Station', 11858, 'English'], ['Leirsund_Station', 'http://dbpedia.org/resource/Leirsund_Station', 32871, 'English'], ['Skøyen_Station', 'http://dbpedia.org/resource/Skøyen_Station', 17252, 'English'], ['Snåsa_Station', 'http://dbpedia.org/resource/Snåsa_Station', 31151, 'English'], ['Nordagutu_Station', 'http://dbpedia.org/resource/Nordagutu_Station', 17377, 'English'], ['Rotvoll_Station', 'http://dbpedia.org/resource/Rotvoll_Station', 31157, 'English'], ['Sonsveien_Station', 'http://dbpedia.org/resource/Sonsveien_Station', 12480, 'English'], ['Høybråten_Station', 'http://dbpedia.org/resource/Høybråten_Station', 15353, 'English'], ['Hakadal_Station', 'http://dbpedia.org/resource/Hakadal_Station', 37692, 'English'], ['Støren_Station', 'http://dbpedia.org/resource/Støren_Station', 19089, 'English'], ['Hvalstad_Station', 'http://dbpedia.org/resource/Hvalstad_Station', 14998, 'English'], ['Greverud_Station', 'http://dbpedia.org/resource/Greverud_Station', 14953, 'English']]",20
Gare_de_Bordeaux-Saint-Jean,http://fr.dbpedia.org/resource/Gare_de_Bordeaux-Saint-Jean,330,French,buildings/places,"[['Gare_de_Bordeaux-Saint-Jean', 'http://dbpedia.org/resource/Gare_de_Bordeaux-Saint-Jean', 10830, 'English'], ['Saint-André-du-Lac-Saint-Jean,_Quebec', 'http://dbpedia.org/resource/Saint-André-du-Lac-Saint-Jean,_Quebec', 14886, 'English'], [""Saint-Jean-de-l'Île-d'Orléans"", ""http://dbpedia.org/resource/Saint-Jean-de-l'Île-d'Orléans"", 11836, 'English'], ['Saint-Jean-Port-Joli,_Quebec', 'http://dbpedia.org/resource/Saint-Jean-Port-Joli,_Quebec', 14961, 'English'], ['Saint-Léon-le-Grand,_Bas-Saint-Laurent,_Quebec', 'http://dbpedia.org/resource/Saint-Léon-le-Grand,_Bas-Saint-Laurent,_Quebec', 36673, 'English'], ['Saint-Jean-de-Cherbourg,_Quebec', 'http://dbpedia.org/resource/Saint-Jean-de-Cherbourg,_Quebec', 17071, 'English'], ['Saint-Simon,_Bas-Saint-Laurent,_Quebec', 'http://dbpedia.org/resource/Saint-Simon,_Bas-Saint-Laurent,_Quebec', 18756, 'English'], ['Saint-Jean-Baptiste,_Quebec', 'http://dbpedia.org/resource/Saint-Jean-Baptiste,_Quebec', 19559, 'English'], ['Saint-Jean-sur-Richelieu', 'http://dbpedia.org/resource/Saint-Jean-sur-Richelieu', 20076, 'English'], ['Saint-Jean-de-Matha,_Quebec', 'http://dbpedia.org/resource/Saint-Jean-de-Matha,_Quebec', 35162, 'English'], ['Saint-Jean-de-Dieu,_Quebec', 'http://dbpedia.org/resource/Saint-Jean-de-Dieu,_Quebec', 18783, 'English'], ['Saint-Jean-de-Brébeuf,_Quebec', 'http://dbpedia.org/resource/Saint-Jean-de-Brébeuf,_Quebec', 31200, 'English'], ['Saint-Stanislas,_Saguenay–Lac-Saint-Jean,_Quebec', 'http://dbpedia.org/resource/Saint-Stanislas,_Saguenay–Lac-Saint-Jean,_Quebec', 32330, 'English'], ['Saint-Louis-du-Ha!_Ha!', 'http://dbpedia.org/resource/Saint-Louis-du-Ha!_Ha!', 30787, 'English'], ['Saint-Louis-de-Blandford,_Quebec', 'http://dbpedia.org/resource/Saint-Louis-de-Blandford,_Quebec', 15815, 'English'], ['Paris_Saint-Germain_F.C.', 'http://dbpedia.org/resource/Paris_Saint-Germain_F.C.', 17519, 'English'], ['Saint-Louis,_Quebec', 'http://dbpedia.org/resource/Saint-Louis,_Quebec', 20089, 'English'], [""L'Anse-Saint-Jean,_Quebec"", ""http://dbpedia.org/resource/L'Anse-Saint-Jean,_Quebec"", 16980, 'English'], ['Saint-Thomas,_Quebec', 'http://dbpedia.org/resource/Saint-Thomas,_Quebec', 20181, 'English'], ['Saint-Just-de-Bretenières,_Quebec', 'http://dbpedia.org/resource/Saint-Just-de-Bretenières,_Quebec', 32823, 'English']]",20
Stade_Maracanã,http://fr.dbpedia.org/resource/Stade_Maracanã,422,French,buildings/places,"[['Maracanã_Stadium', 'http://dbpedia.org/resource/Maracanã_Stadium', 10922, 'English'], ['Pacaembu_Stadium', 'http://dbpedia.org/resource/Pacaembu_Stadium', 11015, 'English'], ['Karaiskakis_Stadium', 'http://dbpedia.org/resource/Karaiskakis_Stadium', 35170, 'English'], ['Wembley_Stadium', 'http://dbpedia.org/resource/Wembley_Stadium', 16029, 'English'], ['Dasarath_Rangasala_Stadium', 'http://dbpedia.org/resource/Dasarath_Rangasala_Stadium', 30570, 'English'], ['Wembley_Stadium_(1923)', 'http://dbpedia.org/resource/Wembley_Stadium_(1923)', 14449, 'English'], ['Santiago_Bernabéu_Stadium', 'http://dbpedia.org/resource/Santiago_Bernabéu_Stadium', 11768, 'English'], ['Ergilio_Hato_Stadium', 'http://dbpedia.org/resource/Ergilio_Hato_Stadium', 31668, 'English'], ['Stadium_Arcadium', 'http://dbpedia.org/resource/Stadium_Arcadium', 17680, 'English'], ['Accra_Sports_Stadium', 'http://dbpedia.org/resource/Accra_Sports_Stadium', 31522, 'English'], ['Al-Merrikh_Stadium', 'http://dbpedia.org/resource/Al-Merrikh_Stadium', 34976, 'English'], ['Olympic_Stadium_(Athens)', 'http://dbpedia.org/resource/Olympic_Stadium_(Athens)', 15350, 'English'], ['Olympic_Stadium_(Amsterdam)', 'http://dbpedia.org/resource/Olympic_Stadium_(Amsterdam)', 18908, 'English'], ['Jan_Breydel_Stadium', 'http://dbpedia.org/resource/Jan_Breydel_Stadium', 11086, 'English'], ['Stamford_Bridge_(stadium)', 'http://dbpedia.org/resource/Stamford_Bridge_(stadium)', 20368, 'English'], ['Baba_Yara_Stadium', 'http://dbpedia.org/resource/Baba_Yara_Stadium', 31910, 'English'], ['Cairo_International_Stadium', 'http://dbpedia.org/resource/Cairo_International_Stadium', 20513, 'English'], ['Juan_Ramón_Loubriel_Stadium', 'http://dbpedia.org/resource/Juan_Ramón_Loubriel_Stadium', 32453, 'English'], [""St_Andrew's_(stadium)"", ""http://dbpedia.org/resource/St_Andrew's_(stadium)"", 32304, 'English'], ['Olympic_Stadium_(Phnom_Penh)', 'http://dbpedia.org/resource/Olympic_Stadium_(Phnom_Penh)', 30499, 'English']]",20
Stade_du_Pacaembu,http://fr.dbpedia.org/resource/Stade_du_Pacaembu,515,French,buildings/places,"[['Pacaembu_Stadium', 'http://dbpedia.org/resource/Pacaembu_Stadium', 11015, 'English'], ['Karaiskakis_Stadium', 'http://dbpedia.org/resource/Karaiskakis_Stadium', 35170, 'English'], ['Maracanã_Stadium', 'http://dbpedia.org/resource/Maracanã_Stadium', 10922, 'English'], ['Dasarath_Rangasala_Stadium', 'http://dbpedia.org/resource/Dasarath_Rangasala_Stadium', 30570, 'English'], ['Wembley_Stadium', 'http://dbpedia.org/resource/Wembley_Stadium', 16029, 'English'], ['Wembley_Stadium_(1923)', 'http://dbpedia.org/resource/Wembley_Stadium_(1923)', 14449, 'English'], ['Santiago_Bernabéu_Stadium', 'http://dbpedia.org/resource/Santiago_Bernabéu_Stadium', 11768, 'English'], ['Ergilio_Hato_Stadium', 'http://dbpedia.org/resource/Ergilio_Hato_Stadium', 31668, 'English'], ['Accra_Sports_Stadium', 'http://dbpedia.org/resource/Accra_Sports_Stadium', 31522, 'English'], ['Stadium_Arcadium', 'http://dbpedia.org/resource/Stadium_Arcadium', 17680, 'English'], ['Olympic_Stadium_(Athens)', 'http://dbpedia.org/resource/Olympic_Stadium_(Athens)', 15350, 'English'], ['Al-Merrikh_Stadium', 'http://dbpedia.org/resource/Al-Merrikh_Stadium', 34976, 'English'], ['Olympic_Stadium_(Amsterdam)', 'http://dbpedia.org/resource/Olympic_Stadium_(Amsterdam)', 18908, 'English'], ['Jan_Breydel_Stadium', 'http://dbpedia.org/resource/Jan_Breydel_Stadium', 11086, 'English'], ['Baba_Yara_Stadium', 'http://dbpedia.org/resource/Baba_Yara_Stadium', 31910, 'English'], ['Cairo_International_Stadium', 'http://dbpedia.org/resource/Cairo_International_Stadium', 20513, 'English'], ['Stamford_Bridge_(stadium)', 'http://dbpedia.org/resource/Stamford_Bridge_(stadium)', 20368, 'English'], [""St_Andrew's_(stadium)"", ""http://dbpedia.org/resource/St_Andrew's_(stadium)"", 32304, 'English'], ['Amman_International_Stadium', 'http://dbpedia.org/resource/Amman_International_Stadium', 16520, 'English'], ['St._Jakob_Stadium', 'http://dbpedia.org/resource/St._Jakob_Stadium', 19648, 'English']]",20
Estadio_Nacional_(Lima),http://fr.dbpedia.org/resource/Estadio_Nacional_(Lima),570,French,buildings/places,"[['Estadio_Nacional_de_Lima', 'http://dbpedia.org/resource/Estadio_Nacional_de_Lima', 11070, 'English'], ['Estadio_Nacional_Julio_Martínez_Prádanos', 'http://dbpedia.org/resource/Estadio_Nacional_Julio_Martínez_Prádanos', 12420, 'English'], ['Campeonato_Nacional_(Chile)', 'http://dbpedia.org/resource/Campeonato_Nacional_(Chile)', 33919, 'English'], ['Estadio_Libertadores_de_América', 'http://dbpedia.org/resource/Estadio_Libertadores_de_América', 13160, 'English'], ['Estadio_Centenario', 'http://dbpedia.org/resource/Estadio_Centenario', 37927, 'English'], ['Lima', 'http://dbpedia.org/resource/Lima', 12797, 'English'], ['Liga_Nacional_de_Fútbol_Profesional_de_Honduras', 'http://dbpedia.org/resource/Liga_Nacional_de_Fútbol_Profesional_de_Honduras', 32899, 'English'], ['Estadio_Olímpico_Pascual_Guerrero', 'http://dbpedia.org/resource/Estadio_Olímpico_Pascual_Guerrero', 33003, 'English'], ['Estadio_Monumental_Antonio_Vespucio_Liberti', 'http://dbpedia.org/resource/Estadio_Monumental_Antonio_Vespucio_Liberti', 37975, 'English'], ['Unión_de_Rugby_de_Buenos_Aires', 'http://dbpedia.org/resource/Unión_de_Rugby_de_Buenos_Aires', 30974, 'English'], ['Club_Deportivo_Universidad_Católica', 'http://dbpedia.org/resource/Club_Deportivo_Universidad_Católica', 31223, 'English'], ['Copa_Chile', 'http://dbpedia.org/resource/Copa_Chile', 37660, 'English'], ['C.D._Nacional', 'http://dbpedia.org/resource/C.D._Nacional', 12719, 'English'], ['Club_Nacional_de_Football', 'http://dbpedia.org/resource/Club_Nacional_de_Football', 19182, 'English'], ['Estadio_Hernando_Siles', 'http://dbpedia.org/resource/Estadio_Hernando_Siles', 31150, 'English'], ['Falange_Española_Tradicionalista_y_de_las_Juntas_de_Ofensiva_Nacional_Sindicalista', 'http://dbpedia.org/resource/Falange_Española_Tradicionalista_y_de_las_Juntas_de_Ofensiva_Nacional_Sindicalista', 15983, 'English'], ['Atlético_Clube_de_Portugal', 'http://dbpedia.org/resource/Atlético_Clube_de_Portugal', 34769, 'English'], ['Rio_de_Janeiro', 'http://dbpedia.org/resource/Rio_de_Janeiro', 15372, 'English'], ['Estudiantes_de_La_Plata', 'http://dbpedia.org/resource/Estudiantes_de_La_Plata', 38278, 'English'], ['Córdoba,_Argentina', 'http://dbpedia.org/resource/Córdoba,_Argentina', 34383, 'English']]",20
Stade_Jan-Breydel,http://fr.dbpedia.org/resource/Stade_Jan-Breydel,586,French,buildings/places,"[['Jan_Breydel_Stadium', 'http://dbpedia.org/resource/Jan_Breydel_Stadium', 11086, 'English'], ['Jan_Čaloun', 'http://dbpedia.org/resource/Jan_Čaloun', 18711, 'English'], ['Wembley_Stadium_(1923)', 'http://dbpedia.org/resource/Wembley_Stadium_(1923)', 14449, 'English'], ['Jan_Syrový', 'http://dbpedia.org/resource/Jan_Syrový', 20131, 'English'], ['Jan_Vapaavuori', 'http://dbpedia.org/resource/Jan_Vapaavuori', 15392, 'English'], ['Karaiskakis_Stadium', 'http://dbpedia.org/resource/Karaiskakis_Stadium', 35170, 'English'], ['Wembley_Stadium', 'http://dbpedia.org/resource/Wembley_Stadium', 16029, 'English'], ['St._Jakob_Stadium', 'http://dbpedia.org/resource/St._Jakob_Stadium', 19648, 'English'], ['Olympic_Stadium_(Amsterdam)', 'http://dbpedia.org/resource/Olympic_Stadium_(Amsterdam)', 18908, 'English'], ['Al-Merrikh_Stadium', 'http://dbpedia.org/resource/Al-Merrikh_Stadium', 34976, 'English'], ['Jan_Brewer', 'http://dbpedia.org/resource/Jan_Brewer', 16962, 'English'], ['Dasarath_Rangasala_Stadium', 'http://dbpedia.org/resource/Dasarath_Rangasala_Stadium', 30570, 'English'], ['Pacaembu_Stadium', 'http://dbpedia.org/resource/Pacaembu_Stadium', 11015, 'English'], ['Olympic_Stadium_(Athens)', 'http://dbpedia.org/resource/Olympic_Stadium_(Athens)', 15350, 'English'], [""St_Andrew's_(stadium)"", ""http://dbpedia.org/resource/St_Andrew's_(stadium)"", 32304, 'English'], ['Jan_Lammers', 'http://dbpedia.org/resource/Jan_Lammers', 12114, 'English'], ['Jan_Eliasson', 'http://dbpedia.org/resource/Jan_Eliasson', 14351, 'English'], ['Robert_F._Kennedy_Memorial_Stadium', 'http://dbpedia.org/resource/Robert_F._Kennedy_Memorial_Stadium', 35032, 'English'], ['Accra_Sports_Stadium', 'http://dbpedia.org/resource/Accra_Sports_Stadium', 31522, 'English'], ['Cairo_International_Stadium', 'http://dbpedia.org/resource/Cairo_International_Stadium', 20513, 'English']]",20
Stade_de_la_Libération,http://fr.dbpedia.org/resource/Stade_de_la_Libération,615,French,buildings/places,"[['President_of_the_Community_of_Madrid', 'http://dbpedia.org/resource/President_of_the_Community_of_Madrid', 33581, 'English'], ['The_People_of_Freedom', 'http://dbpedia.org/resource/The_People_of_Freedom', 39294, 'English'], ['Assembly_of_the_Representatives_of_the_People', 'http://dbpedia.org/resource/Assembly_of_the_Representatives_of_the_People', 15119, 'English'], ['List_of_heads_of_state_of_the_Central_African_Republic', 'http://dbpedia.org/resource/List_of_heads_of_state_of_the_Central_African_Republic', 10514, 'English'], ['List_of_heads_of_government_of_the_Central_African_Republic', 'http://dbpedia.org/resource/List_of_heads_of_government_of_the_Central_African_Republic', 39237, 'English'], ['The_Meaning_of_Peace', 'http://dbpedia.org/resource/The_Meaning_of_Peace', 11797, 'English'], ['Union_of_the_Centre_(2002)', 'http://dbpedia.org/resource/Union_of_the_Centre_(2002)', 36006, 'English'], ['Hero_of_the_Day', 'http://dbpedia.org/resource/Hero_of_the_Day', 19298, 'English'], ['War_of_the_Fourth_Coalition', 'http://dbpedia.org/resource/War_of_the_Fourth_Coalition', 19064, 'English'], ['Shadow_of_the_Day', 'http://dbpedia.org/resource/Shadow_of_the_Day', 20919, 'English'], ['Union_of_the_Snake', 'http://dbpedia.org/resource/Union_of_the_Snake', 13736, 'English'], ['Rally_of_the_French_People', 'http://dbpedia.org/resource/Rally_of_the_French_People', 37782, 'English'], ['Leader_of_the_House_of_Commons', 'http://dbpedia.org/resource/Leader_of_the_House_of_Commons', 11094, 'English'], ['War_of_the_Sixth_Coalition', 'http://dbpedia.org/resource/War_of_the_Sixth_Coalition', 19791, 'English'], ['Order_of_the_Star_of_India', 'http://dbpedia.org/resource/Order_of_the_Star_of_India', 36914, 'English'], ['In_the_Court_of_the_Crimson_King', 'http://dbpedia.org/resource/In_the_Court_of_the_Crimson_King', 35927, 'English'], ['President_of_the_Republic_of_China', 'http://dbpedia.org/resource/President_of_the_Republic_of_China', 35968, 'English'], ['Union_of_the_Democratic_Centre_(Spain)', 'http://dbpedia.org/resource/Union_of_the_Democratic_Centre_(Spain)', 15818, 'English'], ['National_Union_for_the_Progress_of_Romania', 'http://dbpedia.org/resource/National_Union_for_the_Progress_of_Romania', 14978, 'English'], ['Leader_of_the_House_of_Lords', 'http://dbpedia.org/resource/Leader_of_the_House_of_Lords', 31996, 'English']]",20
Staples_Center,http://fr.dbpedia.org/resource/Staples_Center,692,French,buildings/places,"[['Staples_Center', 'http://dbpedia.org/resource/Staples_Center', 11192, 'English'], ['Philadelphia_Convention_Hall_and_Civic_Center', 'http://dbpedia.org/resource/Philadelphia_Convention_Hall_and_Civic_Center', 33084, 'English'], ['First_Niagara_Center', 'http://dbpedia.org/resource/First_Niagara_Center', 17987, 'English'], ['StubHub_Center', 'http://dbpedia.org/resource/StubHub_Center', 16692, 'English'], ['New_Centre-Right', 'http://dbpedia.org/resource/New_Centre-Right', 37356, 'English'], ['New_Centre', 'http://dbpedia.org/resource/New_Centre', 10858, 'English'], ['University_of_Texas_at_Austin', 'http://dbpedia.org/resource/University_of_Texas_at_Austin', 12161, 'English'], ['University_of_Houston', 'http://dbpedia.org/resource/University_of_Houston', 34948, 'English'], ['Mavis_Staples', 'http://dbpedia.org/resource/Mavis_Staples', 19565, 'English'], ['Union_of_the_Centre_(2002)', 'http://dbpedia.org/resource/Union_of_the_Centre_(2002)', 36006, 'English'], ['University_of_North_Carolina_at_Chapel_Hill', 'http://dbpedia.org/resource/University_of_North_Carolina_at_Chapel_Hill', 19029, 'English'], ['University_of_Cincinnati', 'http://dbpedia.org/resource/University_of_Cincinnati', 39043, 'English'], ['University_of_Chicago', 'http://dbpedia.org/resource/University_of_Chicago', 17621, 'English'], ['Washington_and_Lee_University', 'http://dbpedia.org/resource/Washington_and_Lee_University', 20216, 'English'], ['University_of_Maryland,_College_Park', 'http://dbpedia.org/resource/University_of_Maryland,_College_Park', 35797, 'English'], ['University_of_Toronto', 'http://dbpedia.org/resource/University_of_Toronto', 14077, 'English'], ['University_of_California,_Los_Angeles', 'http://dbpedia.org/resource/University_of_California,_Los_Angeles', 19521, 'English'], ['City_College_of_New_York', 'http://dbpedia.org/resource/City_College_of_New_York', 18097, 'English'], ['National_University_of_San_Marcos', 'http://dbpedia.org/resource/National_University_of_San_Marcos', 31570, 'English'], ['School_for_Advanced_Studies_in_the_Social_Sciences', 'http://dbpedia.org/resource/School_for_Advanced_Studies_in_the_Social_Sciences', 19450, 'English']]",20
Cathédrale_de_la_Sainte-Trinité_de_Dresde,http://fr.dbpedia.org/resource/Cathédrale_de_la_Sainte-Trinité_de_Dresde,776,French,buildings/places,"[['Cathedral_of_the_Archangel', 'http://dbpedia.org/resource/Cathedral_of_the_Archangel', 19491, 'English'], ['Houses_of_the_Holy', 'http://dbpedia.org/resource/Houses_of_the_Holy', 16677, 'English'], ['The_Church_of_Jesus_Christ_of_Latter-day_Saints', 'http://dbpedia.org/resource/The_Church_of_Jesus_Christ_of_Latter-day_Saints', 32422, 'English'], ['Order_of_the_Holy_Sepulchre', 'http://dbpedia.org/resource/Order_of_the_Holy_Sepulchre', 35087, 'English'], ['Order_of_the_Sacred_Treasure', 'http://dbpedia.org/resource/Order_of_the_Sacred_Treasure', 34923, 'English'], ['Church_of_Greece', 'http://dbpedia.org/resource/Church_of_Greece', 34554, 'English'], ['In_the_Court_of_the_Crimson_King', 'http://dbpedia.org/resource/In_the_Court_of_the_Crimson_King', 35927, 'English'], ['House_of_Commons_of_the_United_Kingdom', 'http://dbpedia.org/resource/House_of_Commons_of_the_United_Kingdom', 16042, 'English'], ['President_of_the_Community_of_Madrid', 'http://dbpedia.org/resource/President_of_the_Community_of_Madrid', 33581, 'English'], ['City_of_Westminster', 'http://dbpedia.org/resource/City_of_Westminster', 32896, 'English'], ['Mary_of_Hungary,_Queen_of_Naples', 'http://dbpedia.org/resource/Mary_of_Hungary,_Queen_of_Naples', 38373, 'English'], ['The_Meaning_of_Peace', 'http://dbpedia.org/resource/The_Meaning_of_Peace', 11797, 'English'], ['Peter_and_Paul_Cathedral', 'http://dbpedia.org/resource/Peter_and_Paul_Cathedral', 31934, 'English'], ['The_Piper_at_the_Gates_of_Dawn', 'http://dbpedia.org/resource/The_Piper_at_the_Gates_of_Dawn', 20167, 'English'], ['Union_of_the_Centre_(2002)', 'http://dbpedia.org/resource/Union_of_the_Centre_(2002)', 36006, 'English'], ['No_Church_in_the_Wild', 'http://dbpedia.org/resource/No_Church_in_the_Wild', 16621, 'English'], ['Maria_of_Austria,_Holy_Roman_Empress', 'http://dbpedia.org/resource/Maria_of_Austria,_Holy_Roman_Empress', 17998, 'English'], ['Ministry_of_the_Interior_(Spain)', 'http://dbpedia.org/resource/Ministry_of_the_Interior_(Spain)', 30545, 'English'], ['John_the_Baptist', 'http://dbpedia.org/resource/John_the_Baptist', 30927, 'English'], ['Diocese_of_Rome', 'http://dbpedia.org/resource/Diocese_of_Rome', 14738, 'English']]",20
Gare_de_Bayonne,http://fr.dbpedia.org/resource/Gare_de_Bayonne,907,French,buildings/places,"[['Hvalstad_Station', 'http://dbpedia.org/resource/Hvalstad_Station', 14998, 'English'], ['Leangen_Station', 'http://dbpedia.org/resource/Leangen_Station', 36908, 'English'], ['Høybråten_Station', 'http://dbpedia.org/resource/Høybråten_Station', 15353, 'English'], ['Stabekk_Station', 'http://dbpedia.org/resource/Stabekk_Station', 36505, 'English'], ['Snåsa_Station', 'http://dbpedia.org/resource/Snåsa_Station', 31151, 'English'], ['Stryken_Station', 'http://dbpedia.org/resource/Stryken_Station', 19706, 'English'], ['Mariero_Station', 'http://dbpedia.org/resource/Mariero_Station', 34349, 'English'], ['Hakadal_Station', 'http://dbpedia.org/resource/Hakadal_Station', 37692, 'English'], ['Vegårshei_Station', 'http://dbpedia.org/resource/Vegårshei_Station', 30173, 'English'], ['Høn_Station', 'http://dbpedia.org/resource/Høn_Station', 33632, 'English'], ['Haugenstua_Station', 'http://dbpedia.org/resource/Haugenstua_Station', 31198, 'English'], ['Lerkendal_Station', 'http://dbpedia.org/resource/Lerkendal_Station', 32035, 'English'], ['Nordagutu_Station', 'http://dbpedia.org/resource/Nordagutu_Station', 17377, 'English'], ['Jørstad_Station', 'http://dbpedia.org/resource/Jørstad_Station', 11858, 'English'], ['Lilleby_Station', 'http://dbpedia.org/resource/Lilleby_Station', 34736, 'English'], ['Gausel_Station', 'http://dbpedia.org/resource/Gausel_Station', 31983, 'English'], ['Nittedal_Station', 'http://dbpedia.org/resource/Nittedal_Station', 10571, 'English'], ['Sørumsand_Station', 'http://dbpedia.org/resource/Sørumsand_Station', 34033, 'English'], ['Leirsund_Station', 'http://dbpedia.org/resource/Leirsund_Station', 32871, 'English'], ['Vevelstad_Station', 'http://dbpedia.org/resource/Vevelstad_Station', 38412, 'English']]",20
Ligne_de_Drammen,http://fr.dbpedia.org/resource/Ligne_de_Drammen,970,French,buildings/places,"[['Drammen_Line', 'http://dbpedia.org/resource/Drammen_Line', 11470, 'English'], ['Spikkestad_Line', 'http://dbpedia.org/resource/Spikkestad_Line', 37620, 'English'], ['Meråker_Line', 'http://dbpedia.org/resource/Meråker_Line', 11944, 'English'], ['Gjøvik_Line', 'http://dbpedia.org/resource/Gjøvik_Line', 36023, 'English'], ['Arendal_Line', 'http://dbpedia.org/resource/Arendal_Line', 39216, 'English'], ['Kongsvinger_Line', 'http://dbpedia.org/resource/Kongsvinger_Line', 35480, 'English'], ['Østfold_Line', 'http://dbpedia.org/resource/Østfold_Line', 18571, 'English'], ['Drammen_Station', 'http://dbpedia.org/resource/Drammen_Station', 12292, 'English'], ['Sørlandet_Line', 'http://dbpedia.org/resource/Sørlandet_Line', 11611, 'English'], ['Nordland_Line', 'http://dbpedia.org/resource/Nordland_Line', 19778, 'English'], ['Rauma_Line', 'http://dbpedia.org/resource/Rauma_Line', 33712, 'English'], ['Vestfold_Line', 'http://dbpedia.org/resource/Vestfold_Line', 16112, 'English'], ['Trunk_Line', 'http://dbpedia.org/resource/Trunk_Line', 16596, 'English'], ['Yamanote_Line', 'http://dbpedia.org/resource/Yamanote_Line', 39491, 'English'], ['Line_Beauchamp', 'http://dbpedia.org/resource/Line_Beauchamp', 11883, 'English'], ['Draw_the_Line_(song)', 'http://dbpedia.org/resource/Draw_the_Line_(song)', 30561, 'English'], ['Parallel_Lines', 'http://dbpedia.org/resource/Parallel_Lines', 37040, 'English'], ['No_Line_on_the_Horizon', 'http://dbpedia.org/resource/No_Line_on_the_Horizon', 11204, 'English'], ['Draw_the_Line_(Aerosmith_album)', 'http://dbpedia.org/resource/Draw_the_Line_(Aerosmith_album)', 20853, 'English'], ['House_of_Holstein-Gottorp_(Swedish_line)', 'http://dbpedia.org/resource/House_of_Holstein-Gottorp_(Swedish_line)', 36317, 'English']]",20
Stade_de_Feyenoord,http://fr.dbpedia.org/resource/Stade_de_Feyenoord,1048,French,buildings/places,"[['Wembley_Stadium', 'http://dbpedia.org/resource/Wembley_Stadium', 16029, 'English'], ['Karaiskakis_Stadium', 'http://dbpedia.org/resource/Karaiskakis_Stadium', 35170, 'English'], ['Pacaembu_Stadium', 'http://dbpedia.org/resource/Pacaembu_Stadium', 11015, 'English'], ['Dasarath_Rangasala_Stadium', 'http://dbpedia.org/resource/Dasarath_Rangasala_Stadium', 30570, 'English'], ['Feyenoord', 'http://dbpedia.org/resource/Feyenoord', 18442, 'English'], ['Wembley_Stadium_(1923)', 'http://dbpedia.org/resource/Wembley_Stadium_(1923)', 14449, 'English'], ['Maracanã_Stadium', 'http://dbpedia.org/resource/Maracanã_Stadium', 10922, 'English'], ['Olympic_Stadium_(Amsterdam)', 'http://dbpedia.org/resource/Olympic_Stadium_(Amsterdam)', 18908, 'English'], ['Olympic_Stadium_(Athens)', 'http://dbpedia.org/resource/Olympic_Stadium_(Athens)', 15350, 'English'], ['Santiago_Bernabéu_Stadium', 'http://dbpedia.org/resource/Santiago_Bernabéu_Stadium', 11768, 'English'], ['Ergilio_Hato_Stadium', 'http://dbpedia.org/resource/Ergilio_Hato_Stadium', 31668, 'English'], ['Al-Merrikh_Stadium', 'http://dbpedia.org/resource/Al-Merrikh_Stadium', 34976, 'English'], ['Accra_Sports_Stadium', 'http://dbpedia.org/resource/Accra_Sports_Stadium', 31522, 'English'], ['Stamford_Bridge_(stadium)', 'http://dbpedia.org/resource/Stamford_Bridge_(stadium)', 20368, 'English'], ['Jan_Breydel_Stadium', 'http://dbpedia.org/resource/Jan_Breydel_Stadium', 11086, 'English'], ['Baba_Yara_Stadium', 'http://dbpedia.org/resource/Baba_Yara_Stadium', 31910, 'English'], ['Stadium_Arcadium', 'http://dbpedia.org/resource/Stadium_Arcadium', 17680, 'English'], ['Stadium_Lille_Métropole', 'http://dbpedia.org/resource/Stadium_Lille_Métropole', 19818, 'English'], ['Cairo_International_Stadium', 'http://dbpedia.org/resource/Cairo_International_Stadium', 20513, 'English'], ['FC_Twente', 'http://dbpedia.org/resource/FC_Twente', 16592, 'English']]",20
Ligne_du_Sørland,http://fr.dbpedia.org/resource/Ligne_du_Sørland,1111,French,buildings/places,"[['Spikkestad_Line', 'http://dbpedia.org/resource/Spikkestad_Line', 37620, 'English'], ['Meråker_Line', 'http://dbpedia.org/resource/Meråker_Line', 11944, 'English'], ['Trunk_Line', 'http://dbpedia.org/resource/Trunk_Line', 16596, 'English'], ['Sørlandet_Line', 'http://dbpedia.org/resource/Sørlandet_Line', 11611, 'English'], ['Line_Beauchamp', 'http://dbpedia.org/resource/Line_Beauchamp', 11883, 'English'], ['No_Line_on_the_Horizon', 'http://dbpedia.org/resource/No_Line_on_the_Horizon', 11204, 'English'], ['Draw_the_Line_(song)', 'http://dbpedia.org/resource/Draw_the_Line_(song)', 30561, 'English'], ['Kongsvinger_Line', 'http://dbpedia.org/resource/Kongsvinger_Line', 35480, 'English'], ['Yamanote_Line', 'http://dbpedia.org/resource/Yamanote_Line', 39491, 'English'], ['Drammen_Line', 'http://dbpedia.org/resource/Drammen_Line', 11470, 'English'], ['Parallel_Lines', 'http://dbpedia.org/resource/Parallel_Lines', 37040, 'English'], ['Gjøvik_Line', 'http://dbpedia.org/resource/Gjøvik_Line', 36023, 'English'], ['Rauma_Line', 'http://dbpedia.org/resource/Rauma_Line', 33712, 'English'], ['Nordland_Line', 'http://dbpedia.org/resource/Nordland_Line', 19778, 'English'], ['Østfold_Line', 'http://dbpedia.org/resource/Østfold_Line', 18571, 'English'], ['Vestfold_Line', 'http://dbpedia.org/resource/Vestfold_Line', 16112, 'English'], ['Draw_the_Line_(Aerosmith_album)', 'http://dbpedia.org/resource/Draw_the_Line_(Aerosmith_album)', 20853, 'English'], ['Arendal_Line', 'http://dbpedia.org/resource/Arendal_Line', 39216, 'English'], ['Delta_Air_Lines', 'http://dbpedia.org/resource/Delta_Air_Lines', 30568, 'English'], ['Hanging_on_the_Telephone', 'http://dbpedia.org/resource/Hanging_on_the_Telephone', 33449, 'English']]",20
Stade_Santiago_Bernabéu,http://fr.dbpedia.org/resource/Stade_Santiago_Bernabéu,1268,French,buildings/places,"[['Santiago_Bernabéu_Stadium', 'http://dbpedia.org/resource/Santiago_Bernabéu_Stadium', 11768, 'English'], ['Juan_Ramón_Loubriel_Stadium', 'http://dbpedia.org/resource/Juan_Ramón_Loubriel_Stadium', 32453, 'English'], ['Santiago', 'http://dbpedia.org/resource/Santiago', 12054, 'English'], ['Karaiskakis_Stadium', 'http://dbpedia.org/resource/Karaiskakis_Stadium', 35170, 'English'], ['Santiago_Dellapè', 'http://dbpedia.org/resource/Santiago_Dellapè', 15444, 'English'], ['Pacaembu_Stadium', 'http://dbpedia.org/resource/Pacaembu_Stadium', 11015, 'English'], ['Dasarath_Rangasala_Stadium', 'http://dbpedia.org/resource/Dasarath_Rangasala_Stadium', 30570, 'English'], ['Wembley_Stadium', 'http://dbpedia.org/resource/Wembley_Stadium', 16029, 'English'], ['Ergilio_Hato_Stadium', 'http://dbpedia.org/resource/Ergilio_Hato_Stadium', 31668, 'English'], ['Maracanã_Stadium', 'http://dbpedia.org/resource/Maracanã_Stadium', 10922, 'English'], ['Al-Merrikh_Stadium', 'http://dbpedia.org/resource/Al-Merrikh_Stadium', 34976, 'English'], ['Wembley_Stadium_(1923)', 'http://dbpedia.org/resource/Wembley_Stadium_(1923)', 14449, 'English'], ['Olympic_Stadium_(Amsterdam)', 'http://dbpedia.org/resource/Olympic_Stadium_(Amsterdam)', 18908, 'English'], ['Accra_Sports_Stadium', 'http://dbpedia.org/resource/Accra_Sports_Stadium', 31522, 'English'], ['Santiago_Calatrava', 'http://dbpedia.org/resource/Santiago_Calatrava', 15813, 'English'], ['Stadium_Arcadium', 'http://dbpedia.org/resource/Stadium_Arcadium', 17680, 'English'], ['Cairo_International_Stadium', 'http://dbpedia.org/resource/Cairo_International_Stadium', 20513, 'English'], ['Olympic_Stadium_(Athens)', 'http://dbpedia.org/resource/Olympic_Stadium_(Athens)', 15350, 'English'], ['Madrid', 'http://dbpedia.org/resource/Madrid', 35636, 'English'], ['Stamford_Bridge_(stadium)', 'http://dbpedia.org/resource/Stamford_Bridge_(stadium)', 20368, 'English']]",20
Gare_de_Jørstad,http://fr.dbpedia.org/resource/Gare_de_Jørstad,1358,French,buildings/places,"[['Jørstad_Station', 'http://dbpedia.org/resource/Jørstad_Station', 11858, 'English'], ['Kløfta_Station', 'http://dbpedia.org/resource/Kløfta_Station', 37839, 'English'], ['Gulskogen_Station', 'http://dbpedia.org/resource/Gulskogen_Station', 31701, 'English'], ['Leirsund_Station', 'http://dbpedia.org/resource/Leirsund_Station', 32871, 'English'], ['Greverud_Station', 'http://dbpedia.org/resource/Greverud_Station', 14953, 'English'], ['Hakadal_Station', 'http://dbpedia.org/resource/Hakadal_Station', 37692, 'English'], ['Nittedal_Station', 'http://dbpedia.org/resource/Nittedal_Station', 10571, 'English'], ['Gausel_Station', 'http://dbpedia.org/resource/Gausel_Station', 31983, 'English'], ['Harestua_Station', 'http://dbpedia.org/resource/Harestua_Station', 20274, 'English'], ['Lilleby_Station', 'http://dbpedia.org/resource/Lilleby_Station', 34736, 'English'], ['Nordagutu_Station', 'http://dbpedia.org/resource/Nordagutu_Station', 17377, 'English'], ['Lerkendal_Station', 'http://dbpedia.org/resource/Lerkendal_Station', 32035, 'English'], ['Stabekk_Station', 'http://dbpedia.org/resource/Stabekk_Station', 36505, 'English'], ['Haugenstua_Station', 'http://dbpedia.org/resource/Haugenstua_Station', 31198, 'English'], ['Blommenholm_Station', 'http://dbpedia.org/resource/Blommenholm_Station', 38782, 'English'], ['Sonsveien_Station', 'http://dbpedia.org/resource/Sonsveien_Station', 12480, 'English'], ['Hvalstad_Station', 'http://dbpedia.org/resource/Hvalstad_Station', 14998, 'English'], ['Rotvoll_Station', 'http://dbpedia.org/resource/Rotvoll_Station', 31157, 'English'], ['Kjelsås_Station', 'http://dbpedia.org/resource/Kjelsås_Station', 12639, 'English'], ['Hauketo_Station', 'http://dbpedia.org/resource/Hauketo_Station', 12829, 'English']]",20
Gare_de_Holmlia,http://fr.dbpedia.org/resource/Gare_de_Holmlia,1440,French,buildings/places,"[['Holmlia_Station', 'http://dbpedia.org/resource/Holmlia_Station', 11940, 'English'], ['Hauketo_Station', 'http://dbpedia.org/resource/Hauketo_Station', 12829, 'English'], ['Sørumsand_Station', 'http://dbpedia.org/resource/Sørumsand_Station', 34033, 'English'], ['Brakerøya_Station', 'http://dbpedia.org/resource/Brakerøya_Station', 31242, 'English'], ['Grefsen_Station', 'http://dbpedia.org/resource/Grefsen_Station', 20032, 'English'], ['Harestua_Station', 'http://dbpedia.org/resource/Harestua_Station', 20274, 'English'], ['Kløfta_Station', 'http://dbpedia.org/resource/Kløfta_Station', 37839, 'English'], ['Mjøndalen_Station', 'http://dbpedia.org/resource/Mjøndalen_Station', 30469, 'English'], ['Greverud_Station', 'http://dbpedia.org/resource/Greverud_Station', 14953, 'English'], ['Billingstad_Station', 'http://dbpedia.org/resource/Billingstad_Station', 34814, 'English'], ['Haugenstua_Station', 'http://dbpedia.org/resource/Haugenstua_Station', 31198, 'English'], ['Hvalstad_Station', 'http://dbpedia.org/resource/Hvalstad_Station', 14998, 'English'], ['Stabekk_Station', 'http://dbpedia.org/resource/Stabekk_Station', 36505, 'English'], ['Leirsund_Station', 'http://dbpedia.org/resource/Leirsund_Station', 32871, 'English'], ['Leangen_Station', 'http://dbpedia.org/resource/Leangen_Station', 36908, 'English'], ['Slependen_Station', 'http://dbpedia.org/resource/Slependen_Station', 33653, 'English'], ['Vestfossen_Station', 'http://dbpedia.org/resource/Vestfossen_Station', 34185, 'English'], ['Vevelstad_Station', 'http://dbpedia.org/resource/Vevelstad_Station', 38412, 'English'], ['Gausel_Station', 'http://dbpedia.org/resource/Gausel_Station', 31983, 'English'], ['Blommenholm_Station', 'http://dbpedia.org/resource/Blommenholm_Station', 38782, 'English']]",20
Ligne_de_Meråker,http://fr.dbpedia.org/resource/Ligne_de_Meråker,1444,French,buildings/places,"[['Meråker_Line', 'http://dbpedia.org/resource/Meråker_Line', 11944, 'English'], ['Spikkestad_Line', 'http://dbpedia.org/resource/Spikkestad_Line', 37620, 'English'], ['Trunk_Line', 'http://dbpedia.org/resource/Trunk_Line', 16596, 'English'], ['Sørlandet_Line', 'http://dbpedia.org/resource/Sørlandet_Line', 11611, 'English'], ['No_Line_on_the_Horizon', 'http://dbpedia.org/resource/No_Line_on_the_Horizon', 11204, 'English'], ['Draw_the_Line_(song)', 'http://dbpedia.org/resource/Draw_the_Line_(song)', 30561, 'English'], ['Line_Beauchamp', 'http://dbpedia.org/resource/Line_Beauchamp', 11883, 'English'], ['Drammen_Line', 'http://dbpedia.org/resource/Drammen_Line', 11470, 'English'], ['Kongsvinger_Line', 'http://dbpedia.org/resource/Kongsvinger_Line', 35480, 'English'], ['Yamanote_Line', 'http://dbpedia.org/resource/Yamanote_Line', 39491, 'English'], ['Rauma_Line', 'http://dbpedia.org/resource/Rauma_Line', 33712, 'English'], ['Gjøvik_Line', 'http://dbpedia.org/resource/Gjøvik_Line', 36023, 'English'], ['Østfold_Line', 'http://dbpedia.org/resource/Østfold_Line', 18571, 'English'], ['Draw_the_Line_(Aerosmith_album)', 'http://dbpedia.org/resource/Draw_the_Line_(Aerosmith_album)', 20853, 'English'], ['Vestfold_Line', 'http://dbpedia.org/resource/Vestfold_Line', 16112, 'English'], ['Nordland_Line', 'http://dbpedia.org/resource/Nordland_Line', 19778, 'English'], ['Parallel_Lines', 'http://dbpedia.org/resource/Parallel_Lines', 37040, 'English'], ['Arendal_Line', 'http://dbpedia.org/resource/Arendal_Line', 39216, 'English'], ['You_Know_My_Name_(Look_Up_the_Number)', 'http://dbpedia.org/resource/You_Know_My_Name_(Look_Up_the_Number)', 38744, 'English'], [""It's_a_Long_Way_to_the_Top_(If_You_Wanna_Rock_'n'_Roll)"", ""http://dbpedia.org/resource/It's_a_Long_Way_to_the_Top_(If_You_Wanna_Rock_'n'_Roll)"", 38965, 'English']]",20
White_Hart_Lane,http://fr.dbpedia.org/resource/White_Hart_Lane,1605,French,buildings/places,"[['White_Hart_Lane', 'http://dbpedia.org/resource/White_Hart_Lane', 12105, 'English'], ['Barry_White', 'http://dbpedia.org/resource/Barry_White', 36548, 'English'], ['Jack_White', 'http://dbpedia.org/resource/Jack_White', 33982, 'English'], ['Ronnie_Lane', 'http://dbpedia.org/resource/Ronnie_Lane', 17126, 'English'], ['Blue_Jay_Way', 'http://dbpedia.org/resource/Blue_Jay_Way', 35732, 'English'], ['White_Heat_(song)', 'http://dbpedia.org/resource/White_Light/White_Heat_(song)', 17784, 'English'], ['Black_or_White', 'http://dbpedia.org/resource/Black_or_White', 14550, 'English'], ['The_Black_Wall_Street_Records', 'http://dbpedia.org/resource/The_Black_Wall_Street_Records', 34855, 'English'], ['White_Room', 'http://dbpedia.org/resource/White_Room', 10863, 'English'], ['White_Heat', 'http://dbpedia.org/resource/White_Light/White_Heat', 30490, 'English'], ['Penny_Lane', 'http://dbpedia.org/resource/Penny_Lane', 38026, 'English'], ['James_Brown', 'http://dbpedia.org/resource/James_Brown', 16128, 'English'], ['Meadow_Lane', 'http://dbpedia.org/resource/Meadow_Lane', 31508, 'English'], ['The_White_Stripes', 'http://dbpedia.org/resource/The_White_Stripes', 36751, 'English'], ['Harold_Melvin_&_the_Blue_Notes', 'http://dbpedia.org/resource/Harold_Melvin_&_the_Blue_Notes', 11536, 'English'], ['Scott_Brown', 'http://dbpedia.org/resource/Scott_Brown', 38234, 'English'], ['Curtis_Brown', 'http://dbpedia.org/resource/Curtis_Brown', 19417, 'English'], ['White_Rabbit_(Jefferson_Airplane_song)', 'http://dbpedia.org/resource/White_Rabbit_(Jefferson_Airplane_song)', 34960, 'English'], ['Gray_Davis', 'http://dbpedia.org/resource/Gray_Davis', 17862, 'English'], ['Jonathan_Hill,_Baron_Hill_of_Oareford', 'http://dbpedia.org/resource/Jonathan_Hill,_Baron_Hill_of_Oareford', 33779, 'English']]",20
Gare_de_Drammen,http://fr.dbpedia.org/resource/Gare_de_Drammen,1792,French,buildings/places,"[['Drammen_Station', 'http://dbpedia.org/resource/Drammen_Station', 12292, 'English'], ['Stavanger_Station', 'http://dbpedia.org/resource/Stavanger_Station', 35406, 'English'], ['Berkåk_Station', 'http://dbpedia.org/resource/Berkåk_Station', 34806, 'English'], ['Hokksund_Station', 'http://dbpedia.org/resource/Hokksund_Station', 19266, 'English'], ['Sonsveien_Station', 'http://dbpedia.org/resource/Sonsveien_Station', 12480, 'English'], ['Kjelsås_Station', 'http://dbpedia.org/resource/Kjelsås_Station', 12639, 'English'], ['Jåttåvågen_Station', 'http://dbpedia.org/resource/Jåttåvågen_Station', 12624, 'English'], ['Slependen_Station', 'http://dbpedia.org/resource/Slependen_Station', 33653, 'English'], ['Nittedal_Station', 'http://dbpedia.org/resource/Nittedal_Station', 10571, 'English'], ['Høybråten_Station', 'http://dbpedia.org/resource/Høybråten_Station', 15353, 'English'], ['Gausel_Station', 'http://dbpedia.org/resource/Gausel_Station', 31983, 'English'], ['Billingstad_Station', 'http://dbpedia.org/resource/Billingstad_Station', 34814, 'English'], ['Jørstad_Station', 'http://dbpedia.org/resource/Jørstad_Station', 11858, 'English'], ['Leirsund_Station', 'http://dbpedia.org/resource/Leirsund_Station', 32871, 'English'], ['Grefsen_Station', 'http://dbpedia.org/resource/Grefsen_Station', 20032, 'English'], ['Gulskogen_Station', 'http://dbpedia.org/resource/Gulskogen_Station', 31701, 'English'], ['Hakadal_Station', 'http://dbpedia.org/resource/Hakadal_Station', 37692, 'English'], ['Skien_Station', 'http://dbpedia.org/resource/Skien_Station', 20486, 'English'], ['Skøyen_Station', 'http://dbpedia.org/resource/Skøyen_Station', 17252, 'English'], ['Vegårshei_Station', 'http://dbpedia.org/resource/Vegårshei_Station', 30173, 'English']]",20
Estadio_Nacional_de_Chile,http://fr.dbpedia.org/resource/Estadio_Nacional_de_Chile,1920,French,buildings/places,"[['Estadio_Nacional_de_Lima', 'http://dbpedia.org/resource/Estadio_Nacional_de_Lima', 11070, 'English'], ['Liga_Nacional_de_Fútbol_Profesional_de_Honduras', 'http://dbpedia.org/resource/Liga_Nacional_de_Fútbol_Profesional_de_Honduras', 32899, 'English'], ['Campeonato_Nacional_(Chile)', 'http://dbpedia.org/resource/Campeonato_Nacional_(Chile)', 33919, 'English'], ['Estadio_Libertadores_de_América', 'http://dbpedia.org/resource/Estadio_Libertadores_de_América', 13160, 'English'], ['Falange_Española_Tradicionalista_y_de_las_Juntas_de_Ofensiva_Nacional_Sindicalista', 'http://dbpedia.org/resource/Falange_Española_Tradicionalista_y_de_las_Juntas_de_Ofensiva_Nacional_Sindicalista', 15983, 'English'], ['Estadio_Nacional_Julio_Martínez_Prádanos', 'http://dbpedia.org/resource/Estadio_Nacional_Julio_Martínez_Prádanos', 12420, 'English'], ['Unión_de_Rugby_de_Buenos_Aires', 'http://dbpedia.org/resource/Unión_de_Rugby_de_Buenos_Aires', 30974, 'English'], ['Estudiantes_de_La_Plata', 'http://dbpedia.org/resource/Estudiantes_de_La_Plata', 38278, 'English'], ['Club_Nacional_de_Football', 'http://dbpedia.org/resource/Club_Nacional_de_Football', 19182, 'English'], ['Santiago_de_Compostela', 'http://dbpedia.org/resource/Santiago_de_Compostela', 38247, 'English'], ['Rio_de_Janeiro', 'http://dbpedia.org/resource/Rio_de_Janeiro', 15372, 'English'], ['Copa_Chile', 'http://dbpedia.org/resource/Copa_Chile', 37660, 'English'], ['Atlético_Clube_de_Portugal', 'http://dbpedia.org/resource/Atlético_Clube_de_Portugal', 34769, 'English'], ['José_de_Castro', 'http://dbpedia.org/resource/José_de_Castro', 17207, 'English'], ['Pedro_de_la_Rosa', 'http://dbpedia.org/resource/Pedro_de_la_Rosa', 11975, 'English'], ['Taça_de_Portugal', 'http://dbpedia.org/resource/Taça_de_Portugal', 13683, 'English'], ['Deportivo_de_La_Coruña', 'http://dbpedia.org/resource/Deportivo_de_La_Coruña', 16152, 'English'], ['Sporting_Clube_de_Portugal', 'http://dbpedia.org/resource/Sporting_Clube_de_Portugal', 15217, 'English'], ['José_de_San_Martín', 'http://dbpedia.org/resource/José_de_San_Martín', 13572, 'English'], ['Álvaro_de_Castro', 'http://dbpedia.org/resource/Álvaro_de_Castro', 20366, 'English']]",20
Stade_Jean-Bouin_(Angers),http://fr.dbpedia.org/resource/Stade_Jean-Bouin_(Angers),1945,French,buildings/places,"[['Stade_Jean-Bouin_(Angers)', 'http://dbpedia.org/resource/Stade_Jean-Bouin_(Angers)', 12445, 'English'], [""Stade_Michel_d'Ornano"", ""http://dbpedia.org/resource/Stade_Michel_d'Ornano"", 19446, 'English'], ['Stade_Lavallois', 'http://dbpedia.org/resource/Stade_Lavallois', 17198, 'English'], ['Stade_Montois', 'http://dbpedia.org/resource/Stade_Montois', 20341, 'English'], ['Stade_de_Reims', 'http://dbpedia.org/resource/Stade_de_Reims', 35970, 'English'], ['Stade_de_France', 'http://dbpedia.org/resource/Stade_de_France', 36278, 'English'], ['Stade_Pierre-Mauroy', 'http://dbpedia.org/resource/Stade_Pierre-Mauroy', 36326, 'English'], ['Stade_Francis-Le_Blé', 'http://dbpedia.org/resource/Stade_Francis-Le_Blé', 33641, 'English'], ['Stade_Gaston_Gérard', 'http://dbpedia.org/resource/Stade_Gaston_Gérard', 32542, 'English'], ['Stade_du_Roudourou', 'http://dbpedia.org/resource/Stade_du_Roudourou', 14728, 'English'], ['Jean_Arthuis', 'http://dbpedia.org/resource/Jean_Arthuis', 34828, 'English'], ['Stade_Gabriel_Montpied', 'http://dbpedia.org/resource/Stade_Gabriel_Montpied', 17641, 'English'], ['Stade_Toulousain', 'http://dbpedia.org/resource/Stade_Toulousain', 33778, 'English'], ['Stade_de_Gerland', 'http://dbpedia.org/resource/Stade_de_Gerland', 31679, 'English'], ['Jean_Lecanuet', 'http://dbpedia.org/resource/Jean_Lecanuet', 13927, 'English'], ['Stade_Brestois_29', 'http://dbpedia.org/resource/Stade_Brestois_29', 20890, 'English'], ['Stade_du_Moustoir', 'http://dbpedia.org/resource/Stade_du_Moustoir', 18873, 'English'], ['Stade_Francis_Le_Basser', 'http://dbpedia.org/resource/Stade_Francis_Le_Basser', 30860, 'English'], ['Stade_François_Coty', 'http://dbpedia.org/resource/Stade_François_Coty', 35276, 'English'], [""Stade_de_l'Abbé-Deschamps"", ""http://dbpedia.org/resource/Stade_de_l'Abbé-Deschamps"", 15394, 'English']]",20
Gare_de_Sonsveien,http://fr.dbpedia.org/resource/Gare_de_Sonsveien,1980,French,buildings/places,"[['Sonsveien_Station', 'http://dbpedia.org/resource/Sonsveien_Station', 12480, 'English'], ['Hommelvik_Station', 'http://dbpedia.org/resource/Hommelvik_Station', 31152, 'English'], ['Greverud_Station', 'http://dbpedia.org/resource/Greverud_Station', 14953, 'English'], ['Grefsen_Station', 'http://dbpedia.org/resource/Grefsen_Station', 20032, 'English'], ['Blommenholm_Station', 'http://dbpedia.org/resource/Blommenholm_Station', 38782, 'English'], ['Stabekk_Station', 'http://dbpedia.org/resource/Stabekk_Station', 36505, 'English'], ['Leirsund_Station', 'http://dbpedia.org/resource/Leirsund_Station', 32871, 'English'], ['Høybråten_Station', 'http://dbpedia.org/resource/Høybråten_Station', 15353, 'English'], ['Vakås_Station', 'http://dbpedia.org/resource/Vakås_Station', 14316, 'English'], ['Nittedal_Station', 'http://dbpedia.org/resource/Nittedal_Station', 10571, 'English'], ['Bondivatn_Station', 'http://dbpedia.org/resource/Bondivatn_Station', 31076, 'English'], ['Hakadal_Station', 'http://dbpedia.org/resource/Hakadal_Station', 37692, 'English'], ['Harestua_Station', 'http://dbpedia.org/resource/Harestua_Station', 20274, 'English'], ['Lerkendal_Station', 'http://dbpedia.org/resource/Lerkendal_Station', 32035, 'English'], ['Sørumsand_Station', 'http://dbpedia.org/resource/Sørumsand_Station', 34033, 'English'], ['Leangen_Station', 'http://dbpedia.org/resource/Leangen_Station', 36908, 'English'], ['Vegårshei_Station', 'http://dbpedia.org/resource/Vegårshei_Station', 30173, 'English'], ['Støren_Station', 'http://dbpedia.org/resource/Støren_Station', 19089, 'English'], ['Jørstad_Station', 'http://dbpedia.org/resource/Jørstad_Station', 11858, 'English'], ['Kløfta_Station', 'http://dbpedia.org/resource/Kløfta_Station', 37839, 'English']]",20
Stade_de_la_Meinau,http://fr.dbpedia.org/resource/Stade_de_la_Meinau,2052,French,buildings/places,"[['Stade_de_la_Meinau', 'http://dbpedia.org/resource/Stade_de_la_Meinau', 12552, 'English'], ['Stade_de_la_Licorne', 'http://dbpedia.org/resource/Stade_de_la_Licorne', 18665, 'English'], ['Stade_de_la_Mosson', 'http://dbpedia.org/resource/Stade_de_la_Mosson', 38687, 'English'], ['Stade_de_la_Libération', 'http://dbpedia.org/resource/Stade_de_la_Libération', 11115, 'English'], ['Stade_de_France', 'http://dbpedia.org/resource/Stade_de_France', 36278, 'English'], ['Lac-de-la-Maison-de-Pierre,_Quebec', 'http://dbpedia.org/resource/Lac-de-la-Maison-de-Pierre,_Quebec', 19852, 'English'], ['Peter_de_la_Billière', 'http://dbpedia.org/resource/Peter_de_la_Billière', 33023, 'English'], ['Saint-Denis-De_La_Bouteillerie', 'http://dbpedia.org/resource/Saint-Denis-De_La_Bouteillerie', 32459, 'English'], ['Lac-De_La_Bidière,_Quebec', 'http://dbpedia.org/resource/Lac-De_La_Bidière,_Quebec', 12010, 'English'], ['Stade_de_Reims', 'http://dbpedia.org/resource/Stade_de_Reims', 35970, 'English'], ['Maçanet_de_Cabrenys', 'http://dbpedia.org/resource/Maçanet_de_Cabrenys', 38257, 'English'], ['Sainte-Anne-de-la-Pérade', 'http://dbpedia.org/resource/Sainte-Anne-de-la-Pérade', 15017, 'English'], ['Pays_de_la_Loire', 'http://dbpedia.org/resource/Pays_de_la_Loire', 36924, 'English'], ['Baie-de-la-Bouteille,_Quebec', 'http://dbpedia.org/resource/Baie-de-la-Bouteille,_Quebec', 18519, 'English'], ['Sainte-Anne-de-la-Pocatière', 'http://dbpedia.org/resource/Sainte-Anne-de-la-Pocatière', 18871, 'English'], ['Stade_de_Gerland', 'http://dbpedia.org/resource/Stade_de_Gerland', 31679, 'English'], ['Saint-François-de-la-Rivière-du-Sud,_Quebec', 'http://dbpedia.org/resource/Saint-François-de-la-Rivière-du-Sud,_Quebec', 31424, 'English'], ['Pedro_de_la_Rosa', 'http://dbpedia.org/resource/Pedro_de_la_Rosa', 11975, 'English'], ['Fernando_de_la_Rúa', 'http://dbpedia.org/resource/Fernando_de_la_Rúa', 10822, 'English'], ['Deportivo_de_La_Coruña', 'http://dbpedia.org/resource/Deportivo_de_La_Coruña', 16152, 'English']]",20
Gare_de_Jåttåvågen,http://fr.dbpedia.org/resource/Gare_de_Jåttåvågen,2124,French,buildings/places,"[['Jåttåvågen_Station', 'http://dbpedia.org/resource/Jåttåvågen_Station', 12624, 'English'], ['Greverud_Station', 'http://dbpedia.org/resource/Greverud_Station', 14953, 'English'], ['Vestfossen_Station', 'http://dbpedia.org/resource/Vestfossen_Station', 34185, 'English'], ['Billingstad_Station', 'http://dbpedia.org/resource/Billingstad_Station', 34814, 'English'], ['Høn_Station', 'http://dbpedia.org/resource/Høn_Station', 33632, 'English'], ['Bondivatn_Station', 'http://dbpedia.org/resource/Bondivatn_Station', 31076, 'English'], ['Snåsa_Station', 'http://dbpedia.org/resource/Snåsa_Station', 31151, 'English'], ['Kjelsås_Station', 'http://dbpedia.org/resource/Kjelsås_Station', 12639, 'English'], ['Hauketo_Station', 'http://dbpedia.org/resource/Hauketo_Station', 12829, 'English'], ['Vegårshei_Station', 'http://dbpedia.org/resource/Vegårshei_Station', 30173, 'English'], ['Grefsen_Station', 'http://dbpedia.org/resource/Grefsen_Station', 20032, 'English'], ['Stabekk_Station', 'http://dbpedia.org/resource/Stabekk_Station', 36505, 'English'], ['Rotvoll_Station', 'http://dbpedia.org/resource/Rotvoll_Station', 31157, 'English'], ['Hvalstad_Station', 'http://dbpedia.org/resource/Hvalstad_Station', 14998, 'English'], ['Haugenstua_Station', 'http://dbpedia.org/resource/Haugenstua_Station', 31198, 'English'], ['Sonsveien_Station', 'http://dbpedia.org/resource/Sonsveien_Station', 12480, 'English'], ['Marienborg_Station', 'http://dbpedia.org/resource/Marienborg_Station', 37307, 'English'], ['Gausel_Station', 'http://dbpedia.org/resource/Gausel_Station', 31983, 'English'], ['Kløfta_Station', 'http://dbpedia.org/resource/Kløfta_Station', 37839, 'English'], ['Berkåk_Station', 'http://dbpedia.org/resource/Berkåk_Station', 34806, 'English']]",20
Gare_de_Kjelsås,http://fr.dbpedia.org/resource/Gare_de_Kjelsås,2139,French,buildings/places,"[['Kjelsås_Station', 'http://dbpedia.org/resource/Kjelsås_Station', 12639, 'English'], ['Høn_Station', 'http://dbpedia.org/resource/Høn_Station', 33632, 'English'], ['Høybråten_Station', 'http://dbpedia.org/resource/Høybråten_Station', 15353, 'English'], ['Bondivatn_Station', 'http://dbpedia.org/resource/Bondivatn_Station', 31076, 'English'], ['Rotvoll_Station', 'http://dbpedia.org/resource/Rotvoll_Station', 31157, 'English'], ['Leangen_Station', 'http://dbpedia.org/resource/Leangen_Station', 36908, 'English'], ['Greverud_Station', 'http://dbpedia.org/resource/Greverud_Station', 14953, 'English'], ['Grefsen_Station', 'http://dbpedia.org/resource/Grefsen_Station', 20032, 'English'], ['Mjøndalen_Station', 'http://dbpedia.org/resource/Mjøndalen_Station', 30469, 'English'], ['Skøyen_Station', 'http://dbpedia.org/resource/Skøyen_Station', 17252, 'English'], ['Nordagutu_Station', 'http://dbpedia.org/resource/Nordagutu_Station', 17377, 'English'], ['Billingstad_Station', 'http://dbpedia.org/resource/Billingstad_Station', 34814, 'English'], ['Hvalstad_Station', 'http://dbpedia.org/resource/Hvalstad_Station', 14998, 'English'], ['Gulskogen_Station', 'http://dbpedia.org/resource/Gulskogen_Station', 31701, 'English'], ['Vegårshei_Station', 'http://dbpedia.org/resource/Vegårshei_Station', 30173, 'English'], ['Stryken_Station', 'http://dbpedia.org/resource/Stryken_Station', 19706, 'English'], ['Vevelstad_Station', 'http://dbpedia.org/resource/Vevelstad_Station', 38412, 'English'], ['Snåsa_Station', 'http://dbpedia.org/resource/Snåsa_Station', 31151, 'English'], ['Marienborg_Station', 'http://dbpedia.org/resource/Marienborg_Station', 37307, 'English'], ['Leirsund_Station', 'http://dbpedia.org/resource/Leirsund_Station', 32871, 'English']]",20
Friends_Arena,http://fr.dbpedia.org/resource/Friends_Arena,2155,French,buildings/places,"[['Friends_Arena', 'http://dbpedia.org/resource/Friends_Arena', 12655, 'English'], ['Friends', 'http://dbpedia.org/resource/Friends', 20421, 'English'], ['Friends_Will_Be_Friends', 'http://dbpedia.org/resource/Friends_Will_Be_Friends', 34050, 'English'], ['Marie_Arena', 'http://dbpedia.org/resource/Marie_Arena', 38147, 'English'], ['Just_Good_Friends_(song)', 'http://dbpedia.org/resource/Just_Good_Friends_(song)', 15179, 'English'], ['Viva_la_Vida_or_Death_and_All_His_Friends', 'http://dbpedia.org/resource/Viva_la_Vida_or_Death_and_All_His_Friends', 37607, 'English'], ['Who_Wants_to_Live_Forever', 'http://dbpedia.org/resource/Who_Wants_to_Live_Forever', 39167, 'English'], ['You_Rock_My_World', 'http://dbpedia.org/resource/You_Rock_My_World', 13584, 'English'], [""I'm_Happy_Just_to_Dance_with_You"", ""http://dbpedia.org/resource/I'm_Happy_Just_to_Dance_with_You"", 19843, 'English'], ['Amsterdam_Arena', 'http://dbpedia.org/resource/Amsterdam_Arena', 20747, 'English'], ['Where_Them_Girls_At', 'http://dbpedia.org/resource/Where_Them_Girls_At', 11135, 'English'], ['With_a_Little_Help_from_My_Friends', 'http://dbpedia.org/resource/With_a_Little_Help_from_My_Friends', 15685, 'English'], [""Let's_Spend_the_Night_Together"", ""http://dbpedia.org/resource/Let's_Spend_the_Night_Together"", 11045, 'English'], [""Friday_I'm_in_Love"", ""http://dbpedia.org/resource/Friday_I'm_in_Love"", 39081, 'English'], ['Civic_Arena_(Pittsburgh)', 'http://dbpedia.org/resource/Civic_Arena_(Pittsburgh)', 13028, 'English'], ['Where_Did_Our_Love_Go', 'http://dbpedia.org/resource/Where_Did_Our_Love_Go', 31837, 'English'], ['Royal_Farms_Arena', 'http://dbpedia.org/resource/Royal_Farms_Arena', 37867, 'English'], [""Please_Don't_Go_(KC_and_the_Sunshine_Band_song)"", ""http://dbpedia.org/resource/Please_Don't_Go_(KC_and_the_Sunshine_Band_song)"", 11285, 'English'], ['Get_the_Party_Started', 'http://dbpedia.org/resource/Get_the_Party_Started', 13161, 'English'], ['Public_Enemy_(music_group)', 'http://dbpedia.org/resource/Public_Enemy_(music_group)', 17801, 'English']]",20
Gare_de_Novare,http://fr.dbpedia.org/resource/Gare_de_Novare,2212,French,buildings/places,"[['Novara_railway_station', 'http://dbpedia.org/resource/Novara_railway_station', 12712, 'English'], ['Station_to_Station', 'http://dbpedia.org/resource/Station_to_Station', 35424, 'English'], ['The_Power_Station_(band)', 'http://dbpedia.org/resource/The_Power_Station_(band)', 35206, 'English'], ['National_Railway_Company_of_Belgium', 'http://dbpedia.org/resource/National_Railway_Company_of_Belgium', 18785, 'English'], ['University_of_Cape_Town', 'http://dbpedia.org/resource/University_of_Cape_Town', 36500, 'English'], ['Vegårshei_Station', 'http://dbpedia.org/resource/Vegårshei_Station', 30173, 'English'], ['President_of_the_Community_of_Madrid', 'http://dbpedia.org/resource/President_of_the_Community_of_Madrid', 33581, 'English'], ['International_Space_Station', 'http://dbpedia.org/resource/International_Space_Station', 33995, 'English'], ['List_of_heads_of_state_of_the_Central_African_Republic', 'http://dbpedia.org/resource/List_of_heads_of_state_of_the_Central_African_Republic', 10514, 'English'], ['Vakås_Station', 'http://dbpedia.org/resource/Vakås_Station', 14316, 'English'], ['Union_of_the_Centre_(2002)', 'http://dbpedia.org/resource/Union_of_the_Centre_(2002)', 36006, 'English'], ['Leangen_Station', 'http://dbpedia.org/resource/Leangen_Station', 36908, 'English'], ['Høn_Station', 'http://dbpedia.org/resource/Høn_Station', 33632, 'English'], ['Greverud_Station', 'http://dbpedia.org/resource/Greverud_Station', 14953, 'English'], ['Stryken_Station', 'http://dbpedia.org/resource/Stryken_Station', 19706, 'English'], ['Hvalstad_Station', 'http://dbpedia.org/resource/Hvalstad_Station', 14998, 'English'], ['List_of_heads_of_state_of_Argentina', 'http://dbpedia.org/resource/List_of_heads_of_state_of_Argentina', 11163, 'English'], ['Hakadal_Station', 'http://dbpedia.org/resource/Hakadal_Station', 37692, 'English'], ['Gausel_Station', 'http://dbpedia.org/resource/Gausel_Station', 31983, 'English'], ['List_of_heads_of_government_of_the_Central_African_Republic', 'http://dbpedia.org/resource/List_of_heads_of_government_of_the_Central_African_Republic', 39237, 'English']]",20
Gare_de_Hauketo,http://fr.dbpedia.org/resource/Gare_de_Hauketo,2329,French,buildings/places,"[['Hauketo_Station', 'http://dbpedia.org/resource/Hauketo_Station', 12829, 'English'], ['Nelaug_Station', 'http://dbpedia.org/resource/Nelaug_Station', 36076, 'English'], ['Vakås_Station', 'http://dbpedia.org/resource/Vakås_Station', 14316, 'English'], ['Nittedal_Station', 'http://dbpedia.org/resource/Nittedal_Station', 10571, 'English'], ['Høn_Station', 'http://dbpedia.org/resource/Høn_Station', 33632, 'English'], ['Haugenstua_Station', 'http://dbpedia.org/resource/Haugenstua_Station', 31198, 'English'], ['Berkåk_Station', 'http://dbpedia.org/resource/Berkåk_Station', 34806, 'English'], ['Leirsund_Station', 'http://dbpedia.org/resource/Leirsund_Station', 32871, 'English'], ['Høybråten_Station', 'http://dbpedia.org/resource/Høybråten_Station', 15353, 'English'], ['Stabekk_Station', 'http://dbpedia.org/resource/Stabekk_Station', 36505, 'English'], ['Hakadal_Station', 'http://dbpedia.org/resource/Hakadal_Station', 37692, 'English'], ['Grefsen_Station', 'http://dbpedia.org/resource/Grefsen_Station', 20032, 'English'], ['Holmlia_Station', 'http://dbpedia.org/resource/Holmlia_Station', 11940, 'English'], ['Marienborg_Station', 'http://dbpedia.org/resource/Marienborg_Station', 37307, 'English'], ['Nordagutu_Station', 'http://dbpedia.org/resource/Nordagutu_Station', 17377, 'English'], ['Snåsa_Station', 'http://dbpedia.org/resource/Snåsa_Station', 31151, 'English'], ['Vevelstad_Station', 'http://dbpedia.org/resource/Vevelstad_Station', 38412, 'English'], ['Sørumsand_Station', 'http://dbpedia.org/resource/Sørumsand_Station', 34033, 'English'], ['Greverud_Station', 'http://dbpedia.org/resource/Greverud_Station', 14953, 'English'], ['Kløfta_Station', 'http://dbpedia.org/resource/Kløfta_Station', 37839, 'English']]",20
Cow_Palace,http://fr.dbpedia.org/resource/Cow_Palace,2459,French,buildings/places,"[['Cow_Palace', 'http://dbpedia.org/resource/Cow_Palace', 12959, 'English'], ['Palace_of_Versailles', 'http://dbpedia.org/resource/Palace_of_Versailles', 36594, 'English'], ['Palace_of_Westminster', 'http://dbpedia.org/resource/Palace_of_Westminster', 16236, 'English'], ['Stockholm_Palace', 'http://dbpedia.org/resource/Stockholm_Palace', 16477, 'English'], ['Topkapı_Palace', 'http://dbpedia.org/resource/Topkapı_Palace', 18800, 'English'], ['Crystal_Palace_F.C.', 'http://dbpedia.org/resource/Crystal_Palace_F.C.', 36168, 'English'], ['Royal_Farms_Arena', 'http://dbpedia.org/resource/Royal_Farms_Arena', 37867, 'English'], ['Mary,_Princess_Royal_and_Princess_of_Orange', 'http://dbpedia.org/resource/Mary,_Princess_Royal_and_Princess_of_Orange', 30240, 'English'], ['The_Secret_of_Monkey_Island', 'http://dbpedia.org/resource/The_Secret_of_Monkey_Island', 36173, 'English'], ['EC_Red_Bull_Salzburg', 'http://dbpedia.org/resource/EC_Red_Bull_Salzburg', 11968, 'English'], ['London_Town_(Wings_album)', 'http://dbpedia.org/resource/London_Town_(Wings_album)', 32061, 'English'], ['This_Place_Hotel', 'http://dbpedia.org/resource/This_Place_Hotel', 17005, 'English'], ['FC_Red_Bull_Salzburg', 'http://dbpedia.org/resource/FC_Red_Bull_Salzburg', 14773, 'English'], ['A_Night_at_the_Opera_(Queen_album)', 'http://dbpedia.org/resource/A_Night_at_the_Opera_(Queen_album)', 20385, 'English'], ['Princess_Beatrice_of_the_United_Kingdom', 'http://dbpedia.org/resource/Princess_Beatrice_of_the_United_Kingdom', 19326, 'English'], ['Wild_Horses_(The_Rolling_Stones_song)', 'http://dbpedia.org/resource/Wild_Horses_(The_Rolling_Stones_song)', 36761, 'English'], ['Queens_of_the_Stone_Age', 'http://dbpedia.org/resource/Queens_of_the_Stone_Age', 19184, 'English'], ['Dark_Horse_Records', 'http://dbpedia.org/resource/Dark_Horse_Records', 11708, 'English'], ['Maria_of_Austria,_Holy_Roman_Empress', 'http://dbpedia.org/resource/Maria_of_Austria,_Holy_Roman_Empress', 17998, 'English'], ['Houses_of_the_Holy', 'http://dbpedia.org/resource/Houses_of_the_Holy', 16677, 'English']]",20
Ullevi,http://fr.dbpedia.org/resource/Ullevi,2463,French,buildings/places,"[['Ullevi', 'http://dbpedia.org/resource/Ullevi', 12963, 'English'], ['Gothenburg', 'http://dbpedia.org/resource/Gothenburg', 18094, 'English'], ['IFK_Göteborg', 'http://dbpedia.org/resource/IFK_Göteborg', 19945, 'English'], ['Umeå', 'http://dbpedia.org/resource/Umeå', 14560, 'English'], ['Pacaembu_Stadium', 'http://dbpedia.org/resource/Pacaembu_Stadium', 11015, 'English'], ['Västerås', 'http://dbpedia.org/resource/Västerås', 12735, 'English'], ['Dasarath_Rangasala_Stadium', 'http://dbpedia.org/resource/Dasarath_Rangasala_Stadium', 30570, 'English'], ['Päijänne_Tavastia', 'http://dbpedia.org/resource/Päijänne_Tavastia', 31196, 'English'], ['Malmö', 'http://dbpedia.org/resource/Malmö', 19158, 'English'], ['Uppland', 'http://dbpedia.org/resource/Uppland', 38996, 'English'], ['Uppsala', 'http://dbpedia.org/resource/Uppsala', 10940, 'English'], ['IFK_Norrköping', 'http://dbpedia.org/resource/IFK_Norrköping', 36271, 'English'], ['Wembley_Stadium', 'http://dbpedia.org/resource/Wembley_Stadium', 16029, 'English'], ['Karaiskakis_Stadium', 'http://dbpedia.org/resource/Karaiskakis_Stadium', 35170, 'English'], ['Västmanland', 'http://dbpedia.org/resource/Västmanland', 31194, 'English'], ['Malmö_Redhawks', 'http://dbpedia.org/resource/Malmö_Redhawks', 18769, 'English'], ['Halmstad', 'http://dbpedia.org/resource/Halmstad', 10550, 'English'], ['Stockholm', 'http://dbpedia.org/resource/Stockholm', 36543, 'English'], ['Wrocław', 'http://dbpedia.org/resource/Wrocław', 14247, 'English'], ['Örebro', 'http://dbpedia.org/resource/Örebro', 39644, 'English']]",20
Civic_Arena_(Pittsburgh),http://fr.dbpedia.org/resource/Civic_Arena_(Pittsburgh),2528,French,buildings/places,"[['Civic_Arena_(Pittsburgh)', 'http://dbpedia.org/resource/Civic_Arena_(Pittsburgh)', 13028, 'English'], ['Philadelphia_Convention_Hall_and_Civic_Center', 'http://dbpedia.org/resource/Philadelphia_Convention_Hall_and_Civic_Center', 33084, 'English'], ['Civic_Choice', 'http://dbpedia.org/resource/Civic_Choice', 10506, 'English'], ['Friends_Arena', 'http://dbpedia.org/resource/Friends_Arena', 12655, 'English'], ['Pittsburgh', 'http://dbpedia.org/resource/Pittsburgh', 34151, 'English'], ['Amsterdam_Arena', 'http://dbpedia.org/resource/Amsterdam_Arena', 20747, 'English'], ['Civic_Platform', 'http://dbpedia.org/resource/Civic_Platform', 18044, 'English'], ['Radical_Civic_Union', 'http://dbpedia.org/resource/Radical_Civic_Union', 35741, 'English'], ['University_of_Pittsburgh', 'http://dbpedia.org/resource/University_of_Pittsburgh', 14576, 'English'], ['Philadelphia_Union', 'http://dbpedia.org/resource/Philadelphia_Union', 37603, 'English'], ['Sporting_Kansas_City', 'http://dbpedia.org/resource/Sporting_Kansas_City', 38566, 'English'], ['Detroit_Rock_City', 'http://dbpedia.org/resource/Detroit_Rock_City', 36129, 'English'], ['Chicago_Fire_Soccer_Club', 'http://dbpedia.org/resource/Chicago_Fire_Soccer_Club', 18446, 'English'], ['Royal_Farms_Arena', 'http://dbpedia.org/resource/Royal_Farms_Arena', 37867, 'English'], ['University_of_Cincinnati', 'http://dbpedia.org/resource/University_of_Cincinnati', 39043, 'English'], ['Orlando_City_SC', 'http://dbpedia.org/resource/Orlando_City_SC', 37046, 'English'], ['Philadelphia', 'http://dbpedia.org/resource/Philadelphia', 18820, 'English'], ['Accra_Sports_Stadium', 'http://dbpedia.org/resource/Accra_Sports_Stadium', 31522, 'English'], ['University_of_Chicago', 'http://dbpedia.org/resource/University_of_Chicago', 17621, 'English'], ['Cleveland', 'http://dbpedia.org/resource/Cleveland', 18132, 'English']]",20
Stade_Libertadores_de_América,http://fr.dbpedia.org/resource/Stade_Libertadores_de_América,2660,French,buildings/places,"[['North_American_Soccer_League', 'http://dbpedia.org/resource/North_American_Soccer_League', 15433, 'English'], ['League_of_Ireland', 'http://dbpedia.org/resource/League_of_Ireland', 18575, 'English'], ['President_of_the_Community_of_Madrid', 'http://dbpedia.org/resource/President_of_the_Community_of_Madrid', 33581, 'English'], ['Republic_of_Ireland_national_football_team', 'http://dbpedia.org/resource/Republic_of_Ireland_national_football_team', 18271, 'English'], ['Republic_of_Ireland_national_under-21_football_team', 'http://dbpedia.org/resource/Republic_of_Ireland_national_under-21_football_team', 12722, 'English'], ['Union_of_South_American_Nations', 'http://dbpedia.org/resource/Union_of_South_American_Nations', 20246, 'English'], ['President_of_South_Africa', 'http://dbpedia.org/resource/President_of_South_Africa', 13778, 'English'], ['League_of_Nations', 'http://dbpedia.org/resource/League_of_Nations', 11205, 'English'], ['Football_Association_of_Ireland', 'http://dbpedia.org/resource/Football_Association_of_Ireland', 37615, 'English'], ['President_of_Mexico', 'http://dbpedia.org/resource/President_of_Mexico', 18749, 'English'], ['Argentina_national_under-20_football_team', 'http://dbpedia.org/resource/Argentina_national_under-20_football_team', 15981, 'English'], ['List_of_heads_of_state_of_Argentina', 'http://dbpedia.org/resource/List_of_heads_of_state_of_Argentina', 11163, 'English'], ['Union_of_South_Africa', 'http://dbpedia.org/resource/Union_of_South_Africa', 16745, 'English'], ['Football_Association_of_Norway', 'http://dbpedia.org/resource/Football_Association_of_Norway', 11248, 'English'], ['Uruguay_national_under-20_football_team', 'http://dbpedia.org/resource/Uruguay_national_under-20_football_team', 19354, 'English'], ['Premier_of_South_Australia', 'http://dbpedia.org/resource/Premier_of_South_Australia', 32009, 'English'], ['President_of_Portugal', 'http://dbpedia.org/resource/President_of_Portugal', 39010, 'English'], ['List_of_heads_of_state_of_the_Central_African_Republic', 'http://dbpedia.org/resource/List_of_heads_of_state_of_the_Central_African_Republic', 10514, 'English'], [""Premier_of_the_People's_Republic_of_China"", ""http://dbpedia.org/resource/Premier_of_the_People's_Republic_of_China"", 20457, 'English'], ['South_Africa_national_football_team', 'http://dbpedia.org/resource/South_Africa_national_football_team', 20449, 'English']]",20
Anfield,http://fr.dbpedia.org/resource/Anfield,2970,French,buildings/places,"[['Anfield', 'http://dbpedia.org/resource/Anfield', 13470, 'English'], ['Liverpool', 'http://dbpedia.org/resource/Liverpool', 19567, 'English'], ['Liverpool_F.C.', 'http://dbpedia.org/resource/Liverpool_F.C.', 35410, 'English'], ['Fulham_F.C.', 'http://dbpedia.org/resource/Fulham_F.C.', 19666, 'English'], ['Fulham', 'http://dbpedia.org/resource/Fulham', 31133, 'English'], ['Everton_F.C.', 'http://dbpedia.org/resource/Everton_F.C.', 11312, 'English'], ['Tottenham_Hotspur_F.C.', 'http://dbpedia.org/resource/Tottenham_Hotspur_F.C.', 12300, 'English'], ['Burnley_F.C.', 'http://dbpedia.org/resource/Burnley_F.C.', 18420, 'English'], ['Middlesbrough_F.C.', 'http://dbpedia.org/resource/Middlesbrough_F.C.', 18234, 'English'], ['Juventus_F.C.', 'http://dbpedia.org/resource/Juventus_F.C.', 36519, 'English'], ['Millwall_F.C.', 'http://dbpedia.org/resource/Millwall_F.C.', 38435, 'English'], ['Arsenal_F.C.', 'http://dbpedia.org/resource/Arsenal_F.C.', 36617, 'English'], ['Bolton_Wanderers_F.C.', 'http://dbpedia.org/resource/Bolton_Wanderers_F.C.', 18532, 'English'], ['Motherwell_F.C.', 'http://dbpedia.org/resource/Motherwell_F.C.', 15562, 'English'], ['Wigan', 'http://dbpedia.org/resource/Wigan', 30587, 'English'], ['Chelsea_F.C.', 'http://dbpedia.org/resource/Chelsea_F.C.', 36425, 'English'], ['Blackburn_Rovers_F.C.', 'http://dbpedia.org/resource/Blackburn_Rovers_F.C.', 16819, 'English'], ['Tranmere_Rovers_F.C.', 'http://dbpedia.org/resource/Tranmere_Rovers_F.C.', 39168, 'English'], ['Wycombe_Wanderers_F.C.', 'http://dbpedia.org/resource/Wycombe_Wanderers_F.C.', 39581, 'English'], ['Hibernian_F.C.', 'http://dbpedia.org/resource/Hibernian_F.C.', 38952, 'English']]",20
Cathédrale_du_Wawel,http://fr.dbpedia.org/resource/Cathédrale_du_Wawel,3017,French,buildings/places,"[['Wawel_Cathedral', 'http://dbpedia.org/resource/Wawel_Cathedral', 13517, 'English'], ['Dresden_Cathedral', 'http://dbpedia.org/resource/Dresden_Cathedral', 11276, 'English'], ['Rouen_Cathedral', 'http://dbpedia.org/resource/Rouen_Cathedral', 36978, 'English'], ['Roskilde_Cathedral', 'http://dbpedia.org/resource/Roskilde_Cathedral', 34282, 'English'], ['Uppsala_Cathedral', 'http://dbpedia.org/resource/Uppsala_Cathedral', 18667, 'English'], ['Cologne_Cathedral', 'http://dbpedia.org/resource/Cologne_Cathedral', 17583, 'English'], ['St._Vitus_Cathedral', 'http://dbpedia.org/resource/St._Vitus_Cathedral', 17450, 'English'], [""St_George's_Chapel,_Windsor_Castle"", ""http://dbpedia.org/resource/St_George's_Chapel,_Windsor_Castle"", 32543, 'English'], ['Cathedral_of_the_Archangel', 'http://dbpedia.org/resource/Cathedral_of_the_Archangel', 19491, 'English'], [""St._Peter's_Basilica"", ""http://dbpedia.org/resource/St._Peter's_Basilica"", 38557, 'English'], ['Basilica_of_St_Denis', 'http://dbpedia.org/resource/Basilica_of_St_Denis', 33150, 'English'], ['Peter_and_Paul_Cathedral', 'http://dbpedia.org/resource/Peter_and_Paul_Cathedral', 31934, 'English'], ['Riddarholm_Church', 'http://dbpedia.org/resource/Riddarholm_Church', 36014, 'English'], ['Westminster_Abbey', 'http://dbpedia.org/resource/Westminster_Abbey', 16948, 'English'], ['Roman_Catholic_Archdiocese_of_Rouen', 'http://dbpedia.org/resource/Roman_Catholic_Archdiocese_of_Rouen', 38716, 'English'], ['Georgian_Orthodox_Church', 'http://dbpedia.org/resource/Georgian_Orthodox_Church', 35476, 'English'], ['Palace_of_Westminster', 'http://dbpedia.org/resource/Palace_of_Westminster', 16236, 'English'], ['Roman_Catholic_Archdiocese_of_Mechelen-Brussels', 'http://dbpedia.org/resource/Roman_Catholic_Archdiocese_of_Mechelen-Brussels', 18541, 'English'], ['Saint-Wenceslas,_Quebec', 'http://dbpedia.org/resource/Saint-Wenceslas,_Quebec', 31920, 'English'], ['Hautecombe_Abbey', 'http://dbpedia.org/resource/Hautecombe_Abbey', 38266, 'English']]",20
Gare_d'Egersund,http://fr.dbpedia.org/resource/Gare_d'Egersund,3052,French,buildings/places,"[['Egersund_Station', 'http://dbpedia.org/resource/Egersund_Station', 13552, 'English'], ['Lesja_Station', 'http://dbpedia.org/resource/Lesja_Station', 33042, 'English'], ['Sonsveien_Station', 'http://dbpedia.org/resource/Sonsveien_Station', 12480, 'English'], ['Hokksund_Station', 'http://dbpedia.org/resource/Hokksund_Station', 19266, 'English'], ['Grefsen_Station', 'http://dbpedia.org/resource/Grefsen_Station', 20032, 'English'], ['Høybråten_Station', 'http://dbpedia.org/resource/Høybråten_Station', 15353, 'English'], ['Nittedal_Station', 'http://dbpedia.org/resource/Nittedal_Station', 10571, 'English'], ['Vevelstad_Station', 'http://dbpedia.org/resource/Vevelstad_Station', 38412, 'English'], ['Hvalstad_Station', 'http://dbpedia.org/resource/Hvalstad_Station', 14998, 'English'], ['Gausel_Station', 'http://dbpedia.org/resource/Gausel_Station', 31983, 'English'], ['Skøyen_Station', 'http://dbpedia.org/resource/Skøyen_Station', 17252, 'English'], ['Marienborg_Station', 'http://dbpedia.org/resource/Marienborg_Station', 37307, 'English'], ['Leirsund_Station', 'http://dbpedia.org/resource/Leirsund_Station', 32871, 'English'], ['Lerkendal_Station', 'http://dbpedia.org/resource/Lerkendal_Station', 32035, 'English'], ['Jørstad_Station', 'http://dbpedia.org/resource/Jørstad_Station', 11858, 'English'], ['Hakadal_Station', 'http://dbpedia.org/resource/Hakadal_Station', 37692, 'English'], ['Hommelvik_Station', 'http://dbpedia.org/resource/Hommelvik_Station', 31152, 'English'], ['Nelaug_Station', 'http://dbpedia.org/resource/Nelaug_Station', 36076, 'English'], ['Nordagutu_Station', 'http://dbpedia.org/resource/Nordagutu_Station', 17377, 'English'], ['Brumunddal_Station', 'http://dbpedia.org/resource/Brumunddal_Station', 34954, 'English']]",20
Selhurst_Park,http://fr.dbpedia.org/resource/Selhurst_Park,3197,French,buildings/places,"[['Selhurst_Park', 'http://dbpedia.org/resource/Selhurst_Park', 13697, 'English'], ['Roazhon_Park', 'http://dbpedia.org/resource/Roazhon_Park', 34342, 'English'], ['Fratton_Park', 'http://dbpedia.org/resource/Fratton_Park', 32990, 'English'], ['South_Park', 'http://dbpedia.org/resource/South_Park', 17521, 'English'], ['Hampden_Park', 'http://dbpedia.org/resource/Hampden_Park', 38225, 'English'], ['Linkin_Park', 'http://dbpedia.org/resource/Linkin_Park', 14900, 'English'], [""Queen's_Park_F.C."", ""http://dbpedia.org/resource/Queen's_Park_F.C."", 17631, 'English'], ['Villa_Park', 'http://dbpedia.org/resource/Villa_Park', 16674, 'English'], ['Greenfield_Park,_Quebec', 'http://dbpedia.org/resource/Greenfield_Park,_Quebec', 39533, 'English'], ['Toyota_Park', 'http://dbpedia.org/resource/Toyota_Park', 32093, 'English'], ['Oak_Park,_Illinois', 'http://dbpedia.org/resource/Oak_Park,_Illinois', 39117, 'English'], ['Brook_Park,_Ohio', 'http://dbpedia.org/resource/Brook_Park,_Ohio', 18439, 'English'], ['Queens_Park_Rangers_F.C.', 'http://dbpedia.org/resource/Queens_Park_Rangers_F.C.', 14454, 'English'], ['South_Park_(season_15)', 'http://dbpedia.org/resource/South_Park_(season_15)', 17432, 'English'], ['St._Jakob-Park', 'http://dbpedia.org/resource/St._Jakob-Park', 31674, 'English'], ['South_Park_(season_9)', 'http://dbpedia.org/resource/South_Park_(season_9)', 12162, 'English'], ['South_Park_(season_14)', 'http://dbpedia.org/resource/South_Park_(season_14)', 39306, 'English'], ['South_Park_(season_18)', 'http://dbpedia.org/resource/South_Park_(season_18)', 16862, 'English'], ['South_Park_(season_17)', 'http://dbpedia.org/resource/South_Park_(season_17)', 11734, 'English'], ['South_Park_(season_11)', 'http://dbpedia.org/resource/South_Park_(season_11)', 37166, 'English']]",20
Gare_de_Sandnes_sentrum,http://fr.dbpedia.org/resource/Gare_de_Sandnes_sentrum,3498,French,buildings/places,"[['Sandnes_Sentrum_Station', 'http://dbpedia.org/resource/Sandnes_Sentrum_Station', 13998, 'English'], ['Sandnes_Station', 'http://dbpedia.org/resource/Sandnes_Station', 33742, 'English'], ['Stavanger_Station', 'http://dbpedia.org/resource/Stavanger_Station', 35406, 'English'], ['Drammen_Station', 'http://dbpedia.org/resource/Drammen_Station', 12292, 'English'], ['Sandvika_Station', 'http://dbpedia.org/resource/Sandvika_Station', 18383, 'English'], ['Lesja_Station', 'http://dbpedia.org/resource/Lesja_Station', 33042, 'English'], ['Kolbotn_Station', 'http://dbpedia.org/resource/Kolbotn_Station', 18332, 'English'], ['Skien_Station', 'http://dbpedia.org/resource/Skien_Station', 20486, 'English'], ['Steinkjer_Station', 'http://dbpedia.org/resource/Steinkjer_Station', 34408, 'English'], ['Brumunddal_Station', 'http://dbpedia.org/resource/Brumunddal_Station', 34954, 'English'], ['Hokksund_Station', 'http://dbpedia.org/resource/Hokksund_Station', 19266, 'English'], ['Ås_Station', 'http://dbpedia.org/resource/Ås_Station', 32239, 'English'], ['Hamar_Station', 'http://dbpedia.org/resource/Hamar_Station', 14435, 'English'], ['Vestby_Station', 'http://dbpedia.org/resource/Vestby_Station', 33047, 'English'], ['Kongsberg_Station', 'http://dbpedia.org/resource/Kongsberg_Station', 30576, 'English'], ['Kongsvinger_Station', 'http://dbpedia.org/resource/Kongsvinger_Station', 37138, 'English'], ['Jåttåvågen_Station', 'http://dbpedia.org/resource/Jåttåvågen_Station', 12624, 'English'], ['Egersund_Station', 'http://dbpedia.org/resource/Egersund_Station', 13552, 'English'], ['Lillestrøm_Station', 'http://dbpedia.org/resource/Lillestrøm_Station', 16051, 'English'], ['Lillehammer_Station', 'http://dbpedia.org/resource/Lillehammer_Station', 34299, 'English']]",20
Gare_de_Vakås,http://fr.dbpedia.org/resource/Gare_de_Vakås,3816,French,buildings/places,"[['Vakås_Station', 'http://dbpedia.org/resource/Vakås_Station', 14316, 'English'], ['Hauketo_Station', 'http://dbpedia.org/resource/Hauketo_Station', 12829, 'English'], ['Nelaug_Station', 'http://dbpedia.org/resource/Nelaug_Station', 36076, 'English'], ['Gausel_Station', 'http://dbpedia.org/resource/Gausel_Station', 31983, 'English'], ['Leirsund_Station', 'http://dbpedia.org/resource/Leirsund_Station', 32871, 'English'], ['Kløfta_Station', 'http://dbpedia.org/resource/Kløfta_Station', 37839, 'English'], ['Vevelstad_Station', 'http://dbpedia.org/resource/Vevelstad_Station', 38412, 'English'], ['Greverud_Station', 'http://dbpedia.org/resource/Greverud_Station', 14953, 'English'], ['Lerkendal_Station', 'http://dbpedia.org/resource/Lerkendal_Station', 32035, 'English'], ['Harestua_Station', 'http://dbpedia.org/resource/Harestua_Station', 20274, 'English'], ['Berkåk_Station', 'http://dbpedia.org/resource/Berkåk_Station', 34806, 'English'], ['Høybråten_Station', 'http://dbpedia.org/resource/Høybråten_Station', 15353, 'English'], ['Nittedal_Station', 'http://dbpedia.org/resource/Nittedal_Station', 10571, 'English'], ['Nordagutu_Station', 'http://dbpedia.org/resource/Nordagutu_Station', 17377, 'English'], ['Leangen_Station', 'http://dbpedia.org/resource/Leangen_Station', 36908, 'English'], ['Høn_Station', 'http://dbpedia.org/resource/Høn_Station', 33632, 'English'], ['Hvalstad_Station', 'http://dbpedia.org/resource/Hvalstad_Station', 14998, 'English'], ['Billingstad_Station', 'http://dbpedia.org/resource/Billingstad_Station', 34814, 'English'], ['Sonsveien_Station', 'http://dbpedia.org/resource/Sonsveien_Station', 12480, 'English'], ['Gulskogen_Station', 'http://dbpedia.org/resource/Gulskogen_Station', 31701, 'English']]",20
Gare_de_Hamar,http://fr.dbpedia.org/resource/Gare_de_Hamar,3935,French,buildings/places,"[['Hamar_Station', 'http://dbpedia.org/resource/Hamar_Station', 14435, 'English'], ['Nittedal_Station', 'http://dbpedia.org/resource/Nittedal_Station', 10571, 'English'], ['Grefsen_Station', 'http://dbpedia.org/resource/Grefsen_Station', 20032, 'English'], ['Sonsveien_Station', 'http://dbpedia.org/resource/Sonsveien_Station', 12480, 'English'], ['Vakås_Station', 'http://dbpedia.org/resource/Vakås_Station', 14316, 'English'], ['Leirsund_Station', 'http://dbpedia.org/resource/Leirsund_Station', 32871, 'English'], ['Høybråten_Station', 'http://dbpedia.org/resource/Høybråten_Station', 15353, 'English'], ['Billingstad_Station', 'http://dbpedia.org/resource/Billingstad_Station', 34814, 'English'], ['Lerkendal_Station', 'http://dbpedia.org/resource/Lerkendal_Station', 32035, 'English'], ['Gausel_Station', 'http://dbpedia.org/resource/Gausel_Station', 31983, 'English'], ['Nordagutu_Station', 'http://dbpedia.org/resource/Nordagutu_Station', 17377, 'English'], ['Slependen_Station', 'http://dbpedia.org/resource/Slependen_Station', 33653, 'English'], ['Kjelsås_Station', 'http://dbpedia.org/resource/Kjelsås_Station', 12639, 'English'], ['Hauketo_Station', 'http://dbpedia.org/resource/Hauketo_Station', 12829, 'English'], ['Jåttåvågen_Station', 'http://dbpedia.org/resource/Jåttåvågen_Station', 12624, 'English'], ['Stabekk_Station', 'http://dbpedia.org/resource/Stabekk_Station', 36505, 'English'], ['Hakadal_Station', 'http://dbpedia.org/resource/Hakadal_Station', 37692, 'English'], ['Hommelvik_Station', 'http://dbpedia.org/resource/Hommelvik_Station', 31152, 'English'], ['Vestfossen_Station', 'http://dbpedia.org/resource/Vestfossen_Station', 34185, 'English'], ['Mariero_Station', 'http://dbpedia.org/resource/Mariero_Station', 34349, 'English']]",20
Stade_de_Wembley_(1923),http://fr.dbpedia.org/resource/Stade_de_Wembley_(1923),3949,French,buildings/places,"[['Wembley_Stadium_(1923)', 'http://dbpedia.org/resource/Wembley_Stadium_(1923)', 14449, 'English'], ['Wembley_Stadium', 'http://dbpedia.org/resource/Wembley_Stadium', 16029, 'English'], ['Olympic_Stadium_(Amsterdam)', 'http://dbpedia.org/resource/Olympic_Stadium_(Amsterdam)', 18908, 'English'], ['Olympic_Stadium_(Athens)', 'http://dbpedia.org/resource/Olympic_Stadium_(Athens)', 15350, 'English'], ['Karaiskakis_Stadium', 'http://dbpedia.org/resource/Karaiskakis_Stadium', 35170, 'English'], ['Stamford_Bridge_(stadium)', 'http://dbpedia.org/resource/Stamford_Bridge_(stadium)', 20368, 'English'], ['Dasarath_Rangasala_Stadium', 'http://dbpedia.org/resource/Dasarath_Rangasala_Stadium', 30570, 'English'], ['Pacaembu_Stadium', 'http://dbpedia.org/resource/Pacaembu_Stadium', 11015, 'English'], ['Maracanã_Stadium', 'http://dbpedia.org/resource/Maracanã_Stadium', 10922, 'English'], ['Al-Merrikh_Stadium', 'http://dbpedia.org/resource/Al-Merrikh_Stadium', 34976, 'English'], ['Accra_Sports_Stadium', 'http://dbpedia.org/resource/Accra_Sports_Stadium', 31522, 'English'], ['Jan_Breydel_Stadium', 'http://dbpedia.org/resource/Jan_Breydel_Stadium', 11086, 'English'], [""St_Andrew's_(stadium)"", ""http://dbpedia.org/resource/St_Andrew's_(stadium)"", 32304, 'English'], ['St._Jakob_Stadium', 'http://dbpedia.org/resource/St._Jakob_Stadium', 19648, 'English'], ['Cairo_International_Stadium', 'http://dbpedia.org/resource/Cairo_International_Stadium', 20513, 'English'], ['Stadium_Arcadium', 'http://dbpedia.org/resource/Stadium_Arcadium', 17680, 'English'], ['Santiago_Bernabéu_Stadium', 'http://dbpedia.org/resource/Santiago_Bernabéu_Stadium', 11768, 'English'], ['Amman_International_Stadium', 'http://dbpedia.org/resource/Amman_International_Stadium', 16520, 'English'], ['Melbourne_Victory_FC', 'http://dbpedia.org/resource/Melbourne_Victory_FC', 37444, 'English'], ['Robert_F._Kennedy_Memorial_Stadium', 'http://dbpedia.org/resource/Robert_F._Kennedy_Memorial_Stadium', 35032, 'English']]",20
Stade_San_Paolo,http://fr.dbpedia.org/resource/Stade_San_Paolo,3960,French,buildings/places,"[['Stadio_San_Paolo', 'http://dbpedia.org/resource/Stadio_San_Paolo', 14460, 'English'], ['San_Francisco', 'http://dbpedia.org/resource/San_Francisco', 12243, 'English'], ['San_Diego', 'http://dbpedia.org/resource/San_Diego', 39189, 'English'], ['San_Antonio', 'http://dbpedia.org/resource/San_Antonio', 32463, 'English'], ['San_Marino', 'http://dbpedia.org/resource/San_Marino', 20374, 'English'], ['San_Francisco_Bay', 'http://dbpedia.org/resource/San_Francisco_Bay', 16038, 'English'], ['San_Siro', 'http://dbpedia.org/resource/San_Siro', 35360, 'English'], ['Juan_Ramón_Loubriel_Stadium', 'http://dbpedia.org/resource/Juan_Ramón_Loubriel_Stadium', 32453, 'English'], ['San_Diego_Gulls', 'http://dbpedia.org/resource/San_Diego_Gulls', 17825, 'English'], ['San_Jose,_California', 'http://dbpedia.org/resource/San_Jose,_California', 38775, 'English'], ['San_Marino_national_football_team', 'http://dbpedia.org/resource/San_Marino_national_football_team', 13542, 'English'], ['San_Jose_Earthquakes', 'http://dbpedia.org/resource/San_Jose_Earthquakes', 19174, 'English'], ['San_Salvador', 'http://dbpedia.org/resource/San_Salvador', 31598, 'English'], ['San_Jose_Sharks', 'http://dbpedia.org/resource/San_Jose_Sharks', 35184, 'English'], ['San_Antonio_Spurs', 'http://dbpedia.org/resource/San_Antonio_Spurs', 38887, 'English'], ['San_Antonio_Rampage', 'http://dbpedia.org/resource/San_Antonio_Rampage', 19924, 'English'], ['National_University_of_San_Marcos', 'http://dbpedia.org/resource/National_University_of_San_Marcos', 31570, 'English'], ['San_Diego_County,_California', 'http://dbpedia.org/resource/San_Diego_County,_California', 32519, 'English'], ['Club_Atlético_San_Isidro', 'http://dbpedia.org/resource/Club_Atlético_San_Isidro', 31852, 'English'], ['Francisco_Franco', 'http://dbpedia.org/resource/Francisco_Franco', 10667, 'English']]",20
Gare_centrale_de_Zurich,http://fr.dbpedia.org/resource/Gare_centrale_de_Zurich,4150,French,buildings/places,"[['Oslo_Central_Station', 'http://dbpedia.org/resource/Oslo_Central_Station', 18006, 'English'], ['Trondheim_Central_Station', 'http://dbpedia.org/resource/Trondheim_Central_Station', 18133, 'English'], ['Station_to_Station', 'http://dbpedia.org/resource/Station_to_Station', 35424, 'English'], ['Mjøndalen_Station', 'http://dbpedia.org/resource/Mjøndalen_Station', 30469, 'English'], ['Sonsveien_Station', 'http://dbpedia.org/resource/Sonsveien_Station', 12480, 'English'], ['Hvalstad_Station', 'http://dbpedia.org/resource/Hvalstad_Station', 14998, 'English'], ['Gausel_Station', 'http://dbpedia.org/resource/Gausel_Station', 31983, 'English'], ['Greverud_Station', 'http://dbpedia.org/resource/Greverud_Station', 14953, 'English'], ['Berkåk_Station', 'http://dbpedia.org/resource/Berkåk_Station', 34806, 'English'], ['Billingstad_Station', 'http://dbpedia.org/resource/Billingstad_Station', 34814, 'English'], ['Holmlia_Station', 'http://dbpedia.org/resource/Holmlia_Station', 11940, 'English'], ['Vestfossen_Station', 'http://dbpedia.org/resource/Vestfossen_Station', 34185, 'English'], ['Høybråten_Station', 'http://dbpedia.org/resource/Høybråten_Station', 15353, 'English'], ['Vevelstad_Station', 'http://dbpedia.org/resource/Vevelstad_Station', 38412, 'English'], ['Høn_Station', 'http://dbpedia.org/resource/Høn_Station', 33632, 'English'], ['Haugenstua_Station', 'http://dbpedia.org/resource/Haugenstua_Station', 31198, 'English'], ['Skøyen_Station', 'http://dbpedia.org/resource/Skøyen_Station', 17252, 'English'], ['Lilleby_Station', 'http://dbpedia.org/resource/Lilleby_Station', 34736, 'English'], ['Nittedal_Station', 'http://dbpedia.org/resource/Nittedal_Station', 10571, 'English'], ['Jåttåvågen_Station', 'http://dbpedia.org/resource/Jåttåvågen_Station', 12624, 'English']]",20
Stade_de_Roudourou,http://fr.dbpedia.org/resource/Stade_de_Roudourou,4228,French,buildings/places,"[['Stade_Montois', 'http://dbpedia.org/resource/Stade_Montois', 20341, 'English'], ['Stade_Lavallois', 'http://dbpedia.org/resource/Stade_Lavallois', 17198, 'English'], ['Stade_Toulousain', 'http://dbpedia.org/resource/Stade_Toulousain', 33778, 'English'], [""Stade_Michel_d'Ornano"", ""http://dbpedia.org/resource/Stade_Michel_d'Ornano"", 19446, 'English'], ['Stade_Bollaert-Delelis', 'http://dbpedia.org/resource/Stade_Bollaert-Delelis', 35703, 'English'], ['Stade_Rennais_F.C.', 'http://dbpedia.org/resource/Stade_Rennais_F.C.', 11855, 'English'], ['Stade_Tunisien', 'http://dbpedia.org/resource/Stade_Tunisien', 15789, 'English'], ['Stade_du_Roudourou', 'http://dbpedia.org/resource/Stade_du_Roudourou', 14728, 'English'], ['Stade_du_Moustoir', 'http://dbpedia.org/resource/Stade_du_Moustoir', 18873, 'English'], ['Stade_Gabriel_Montpied', 'http://dbpedia.org/resource/Stade_Gabriel_Montpied', 17641, 'English'], ['Stade_Français', 'http://dbpedia.org/resource/Stade_Français', 17648, 'English'], ['Stade_Malherbe_Caen', 'http://dbpedia.org/resource/Stade_Malherbe_Caen', 19641, 'English'], ['Stade_Brestois_29', 'http://dbpedia.org/resource/Stade_Brestois_29', 20890, 'English'], ['Atlantique_Stade_Rochelais', 'http://dbpedia.org/resource/Atlantique_Stade_Rochelais', 16886, 'English'], ['Stade_de_Reims', 'http://dbpedia.org/resource/Stade_de_Reims', 35970, 'English'], ['Stade_de_Gerland', 'http://dbpedia.org/resource/Stade_de_Gerland', 31679, 'English'], ['Stade_Gaston_Gérard', 'http://dbpedia.org/resource/Stade_Gaston_Gérard', 32542, 'English'], ['Stade_Marcel_Picot', 'http://dbpedia.org/resource/Stade_Marcel_Picot', 18435, 'English'], ['Stade_Jean-Bouin_(Angers)', 'http://dbpedia.org/resource/Stade_Jean-Bouin_(Angers)', 12445, 'English'], ['Stade_Geoffroy-Guichard', 'http://dbpedia.org/resource/Stade_Geoffroy-Guichard', 37684, 'English']]",20
Herb_Brooks_Arena,http://fr.dbpedia.org/resource/Herb_Brooks_Arena,4233,French,buildings/places,"[['Herb_Brooks_Arena', 'http://dbpedia.org/resource/Herb_Brooks_Arena', 14733, 'English'], ['Marie_Arena', 'http://dbpedia.org/resource/Marie_Arena', 38147, 'English'], ['Friends_Arena', 'http://dbpedia.org/resource/Friends_Arena', 12655, 'English'], ['John_Anderson_(ice_hockey)', 'http://dbpedia.org/resource/John_Anderson_(ice_hockey)', 30794, 'English'], ['Rick_Smith_(ice_hockey)', 'http://dbpedia.org/resource/Rick_Smith_(ice_hockey)', 35791, 'English'], ['John_Stevens_(ice_hockey)', 'http://dbpedia.org/resource/John_Stevens_(ice_hockey)', 38768, 'English'], ['Royal_Farms_Arena', 'http://dbpedia.org/resource/Royal_Farms_Arena', 37867, 'English'], ['Steve_Smith_(ice_hockey,_born_in_Scotland)', 'http://dbpedia.org/resource/Steve_Smith_(ice_hockey,_born_in_Scotland)', 30496, 'English'], ['Bob_Stewart_(ice_hockey)', 'http://dbpedia.org/resource/Bob_Stewart_(ice_hockey)', 15736, 'English'], ['Jason_Smith_(ice_hockey)', 'http://dbpedia.org/resource/Jason_Smith_(ice_hockey)', 35990, 'English'], ['Robert_F._Kennedy_Memorial_Stadium', 'http://dbpedia.org/resource/Robert_F._Kennedy_Memorial_Stadium', 35032, 'English'], ['George_Sullivan_(ice_hockey)', 'http://dbpedia.org/resource/George_Sullivan_(ice_hockey)', 12545, 'English'], ['Mike_Sullivan_(ice_hockey,_born_1968)', 'http://dbpedia.org/resource/Mike_Sullivan_(ice_hockey,_born_1968)', 12683, 'English'], ['Paul_Gardner_(ice_hockey)', 'http://dbpedia.org/resource/Paul_Gardner_(ice_hockey)', 15651, 'English'], ['Steve_Thomas_(ice_hockey)', 'http://dbpedia.org/resource/Steve_Thomas_(ice_hockey)', 17294, 'English'], ['Jimmy_Jam_and_Terry_Lewis', 'http://dbpedia.org/resource/Jimmy_Jam_and_Terry_Lewis', 14876, 'English'], ['Joe_Smith_(basketball)', 'http://dbpedia.org/resource/Joe_Smith_(basketball)', 15091, 'English'], ['Joe_Murphy_(ice_hockey)', 'http://dbpedia.org/resource/Joe_Murphy_(ice_hockey)', 17663, 'English'], ['Mark_Jackson_(basketball)', 'http://dbpedia.org/resource/Mark_Jackson_(basketball)', 16616, 'English'], ['David_Booth_(ice_hockey)', 'http://dbpedia.org/resource/David_Booth_(ice_hockey)', 14478, 'English']]",20
Théâtre_Bolchoï,http://fr.dbpedia.org/resource/Théâtre_Bolchoï,4274,French,buildings/places,"[['Bolshoi_Theatre', 'http://dbpedia.org/resource/Bolshoi_Theatre', 14774, 'English'], ['Dream_Theater', 'http://dbpedia.org/resource/Dream_Theater', 15874, 'English'], ['Spandau_Ballet', 'http://dbpedia.org/resource/Spandau_Ballet', 16108, 'English'], ['Awake_(Dream_Theater_album)', 'http://dbpedia.org/resource/Awake_(Dream_Theater_album)', 36734, 'English'], ['Montreal_Symphony_Orchestra', 'http://dbpedia.org/resource/Montreal_Symphony_Orchestra', 14276, 'English'], ['Moscow', 'http://dbpedia.org/resource/Moscow', 20598, 'English'], ['Stranger_in_Moscow', 'http://dbpedia.org/resource/Stranger_in_Moscow', 15242, 'English'], ['Dark_cabaret', 'http://dbpedia.org/resource/Dark_cabaret', 35199, 'English'], ['Stars_Dance', 'http://dbpedia.org/resource/Stars_Dance', 17490, 'English'], ['Industrial_dance_music', 'http://dbpedia.org/resource/Industrial_dance_music', 18298, 'English'], ['Roxy_Music', 'http://dbpedia.org/resource/Roxy_Music', 11996, 'English'], ['Sony_Music_Entertainment', 'http://dbpedia.org/resource/Sony_Music_Entertainment', 13543, 'English'], ['Vasily_I_of_Moscow', 'http://dbpedia.org/resource/Vasily_I_of_Moscow', 31847, 'English'], ['A_Night_at_the_Opera_(Queen_album)', 'http://dbpedia.org/resource/A_Night_at_the_Opera_(Queen_album)', 20385, 'English'], ['Hollywood_Tonight', 'http://dbpedia.org/resource/Hollywood_Tonight', 14525, 'English'], ['Burlesque:_Original_Motion_Picture_Soundtrack', 'http://dbpedia.org/resource/Burlesque:_Original_Motion_Picture_Soundtrack', 17827, 'English'], ['Helena_of_Moscow', 'http://dbpedia.org/resource/Helena_of_Moscow', 30718, 'English'], ['Comedy_Central', 'http://dbpedia.org/resource/Comedy_Central', 17927, 'English'], ['Ivan_I_of_Moscow', 'http://dbpedia.org/resource/Ivan_I_of_Moscow', 18895, 'English'], ['Alternative_dance', 'http://dbpedia.org/resource/Alternative_dance', 12606, 'English']]",20
Gare_de_Liège-Guillemins,http://fr.dbpedia.org/resource/Gare_de_Liège-Guillemins,4282,French,buildings/places,"[['Liège-Guillemins_railway_station', 'http://dbpedia.org/resource/Liège-Guillemins_railway_station', 14782, 'English'], ['Novara_railway_station', 'http://dbpedia.org/resource/Novara_railway_station', 12712, 'English'], ['Grefsen_Station', 'http://dbpedia.org/resource/Grefsen_Station', 20032, 'English'], ['Billingstad_Station', 'http://dbpedia.org/resource/Billingstad_Station', 34814, 'English'], ['Berkåk_Station', 'http://dbpedia.org/resource/Berkåk_Station', 34806, 'English'], ['Leirsund_Station', 'http://dbpedia.org/resource/Leirsund_Station', 32871, 'English'], ['Leangen_Station', 'http://dbpedia.org/resource/Leangen_Station', 36908, 'English'], ['Hakadal_Station', 'http://dbpedia.org/resource/Hakadal_Station', 37692, 'English'], ['Kjelsås_Station', 'http://dbpedia.org/resource/Kjelsås_Station', 12639, 'English'], ['Vegårshei_Station', 'http://dbpedia.org/resource/Vegårshei_Station', 30173, 'English'], ['Snåsa_Station', 'http://dbpedia.org/resource/Snåsa_Station', 31151, 'English'], ['Gausel_Station', 'http://dbpedia.org/resource/Gausel_Station', 31983, 'English'], ['Gulskogen_Station', 'http://dbpedia.org/resource/Gulskogen_Station', 31701, 'English'], ['Hvalstad_Station', 'http://dbpedia.org/resource/Hvalstad_Station', 14998, 'English'], ['Høybråten_Station', 'http://dbpedia.org/resource/Høybråten_Station', 15353, 'English'], ['Greverud_Station', 'http://dbpedia.org/resource/Greverud_Station', 14953, 'English'], ['Nittedal_Station', 'http://dbpedia.org/resource/Nittedal_Station', 10571, 'English'], ['Rotvoll_Station', 'http://dbpedia.org/resource/Rotvoll_Station', 31157, 'English'], ['Jåttåvågen_Station', 'http://dbpedia.org/resource/Jåttåvågen_Station', 12624, 'English'], ['Vakås_Station', 'http://dbpedia.org/resource/Vakås_Station', 14316, 'English']]",20
Studios_SARM_West,http://fr.dbpedia.org/resource/Studios_SARM_West,4319,French,buildings/places,"[['Sarm_West_Studios', 'http://dbpedia.org/resource/Sarm_West_Studios', 14819, 'English'], ['Abbey_Road_Studios', 'http://dbpedia.org/resource/Abbey_Road_Studios', 36038, 'English'], ['ABC_Studios', 'http://dbpedia.org/resource/ABC_Studios', 19360, 'English'], ['West_Berlin', 'http://dbpedia.org/resource/West_Berlin', 20348, 'English'], ['West_Hollywood,_California', 'http://dbpedia.org/resource/West_Hollywood,_California', 39316, 'English'], ['North_America_and_West_Indies_Station', 'http://dbpedia.org/resource/North_America_and_West_Indies_Station', 33893, 'English'], ['Universal_Studios', 'http://dbpedia.org/resource/Universal_Studios', 17935, 'English'], ['Universal_Studios_Florida', 'http://dbpedia.org/resource/Universal_Studios_Florida', 38993, 'English'], ['West_Germany', 'http://dbpedia.org/resource/West_Germany', 14654, 'English'], ['Wally_West', 'http://dbpedia.org/resource/Wally_West', 17355, 'English'], ['West_Coast_(song)', 'http://dbpedia.org/resource/West_Coast_(song)', 39030, 'English'], ['South-West_Africa', 'http://dbpedia.org/resource/South-West_Africa', 11612, 'English'], ['West_Virginia', 'http://dbpedia.org/resource/West_Virginia', 18030, 'English'], ['Marvel_Studios', 'http://dbpedia.org/resource/Marvel_Studios', 11906, 'English'], ['Kanye_West', 'http://dbpedia.org/resource/Kanye_West', 34879, 'English'], ['North_West_(South_African_province)', 'http://dbpedia.org/resource/North_West_(South_African_province)', 36353, 'English'], ['Microsoft_Studios', 'http://dbpedia.org/resource/Microsoft_Studios', 20400, 'English'], ['War_in_North-West_Pakistan', 'http://dbpedia.org/resource/War_in_North-West_Pakistan', 37860, 'English'], ['West_Bengal', 'http://dbpedia.org/resource/West_Bengal', 20503, 'English'], ['East_Japan_Railway_Company', 'http://dbpedia.org/resource/East_Japan_Railway_Company', 30895, 'English']]",20
Gare_de_Greverud,http://fr.dbpedia.org/resource/Gare_de_Greverud,4453,French,buildings/places,"[['Greverud_Station', 'http://dbpedia.org/resource/Greverud_Station', 14953, 'English'], ['Mjøndalen_Station', 'http://dbpedia.org/resource/Mjøndalen_Station', 30469, 'English'], ['Høybråten_Station', 'http://dbpedia.org/resource/Høybråten_Station', 15353, 'English'], ['Jåttåvågen_Station', 'http://dbpedia.org/resource/Jåttåvågen_Station', 12624, 'English'], ['Bondivatn_Station', 'http://dbpedia.org/resource/Bondivatn_Station', 31076, 'English'], ['Sonsveien_Station', 'http://dbpedia.org/resource/Sonsveien_Station', 12480, 'English'], ['Kløfta_Station', 'http://dbpedia.org/resource/Kløfta_Station', 37839, 'English'], ['Slependen_Station', 'http://dbpedia.org/resource/Slependen_Station', 33653, 'English'], ['Vevelstad_Station', 'http://dbpedia.org/resource/Vevelstad_Station', 38412, 'English'], ['Vakås_Station', 'http://dbpedia.org/resource/Vakås_Station', 14316, 'English'], ['Leangen_Station', 'http://dbpedia.org/resource/Leangen_Station', 36908, 'English'], ['Jørstad_Station', 'http://dbpedia.org/resource/Jørstad_Station', 11858, 'English'], ['Snåsa_Station', 'http://dbpedia.org/resource/Snåsa_Station', 31151, 'English'], ['Kjelsås_Station', 'http://dbpedia.org/resource/Kjelsås_Station', 12639, 'English'], ['Hauketo_Station', 'http://dbpedia.org/resource/Hauketo_Station', 12829, 'English'], ['Grefsen_Station', 'http://dbpedia.org/resource/Grefsen_Station', 20032, 'English'], ['Billingstad_Station', 'http://dbpedia.org/resource/Billingstad_Station', 34814, 'English'], ['Stryken_Station', 'http://dbpedia.org/resource/Stryken_Station', 19706, 'English'], ['Støren_Station', 'http://dbpedia.org/resource/Støren_Station', 19089, 'English'], ['Stabekk_Station', 'http://dbpedia.org/resource/Stabekk_Station', 36505, 'English']]",20
Gare_de_Hvalstad,http://fr.dbpedia.org/resource/Gare_de_Hvalstad,4498,French,buildings/places,"[['Hvalstad_Station', 'http://dbpedia.org/resource/Hvalstad_Station', 14998, 'English'], ['Stabekk_Station', 'http://dbpedia.org/resource/Stabekk_Station', 36505, 'English'], ['Mjøndalen_Station', 'http://dbpedia.org/resource/Mjøndalen_Station', 30469, 'English'], ['Brakerøya_Station', 'http://dbpedia.org/resource/Brakerøya_Station', 31242, 'English'], ['Høn_Station', 'http://dbpedia.org/resource/Høn_Station', 33632, 'English'], ['Hakadal_Station', 'http://dbpedia.org/resource/Hakadal_Station', 37692, 'English'], ['Hauketo_Station', 'http://dbpedia.org/resource/Hauketo_Station', 12829, 'English'], ['Vakås_Station', 'http://dbpedia.org/resource/Vakås_Station', 14316, 'English'], ['Hommelvik_Station', 'http://dbpedia.org/resource/Hommelvik_Station', 31152, 'English'], ['Kjelsås_Station', 'http://dbpedia.org/resource/Kjelsås_Station', 12639, 'English'], ['Mariero_Station', 'http://dbpedia.org/resource/Mariero_Station', 34349, 'English'], ['Nordagutu_Station', 'http://dbpedia.org/resource/Nordagutu_Station', 17377, 'English'], ['Vevelstad_Station', 'http://dbpedia.org/resource/Vevelstad_Station', 38412, 'English'], ['Stryken_Station', 'http://dbpedia.org/resource/Stryken_Station', 19706, 'English'], ['Slependen_Station', 'http://dbpedia.org/resource/Slependen_Station', 33653, 'English'], ['Grefsen_Station', 'http://dbpedia.org/resource/Grefsen_Station', 20032, 'English'], ['Nittedal_Station', 'http://dbpedia.org/resource/Nittedal_Station', 10571, 'English'], ['Marienborg_Station', 'http://dbpedia.org/resource/Marienborg_Station', 37307, 'English'], ['Vegårshei_Station', 'http://dbpedia.org/resource/Vegårshei_Station', 30173, 'English'], ['Nelaug_Station', 'http://dbpedia.org/resource/Nelaug_Station', 36076, 'English']]",20
